t,sine
0,1.25
0.01,1.25499991666708
0.02,1.25999933334667
0.03,1.26499775010125
0.04,1.26999466709332
0.05,1.27498958463534
0.06,1.27998200323972
0.07,1.28497142366877
0.08,1.28995734698459
0.09,1.29493927459901
0.1,1.29991670832341
0.11,1.30488915041859
0.12,1.30985610364446
0.13,1.31481707130985
0.14,1.31977155732212
0.15,1.3247190662368
0.16,1.32965910330712
0.17,1.3345911745335
0.18,1.33951478671291
0.19,1.34442944748825
0.2,1.34933466539753
0.21,1.35422994992305
0.22,1.35911481154043
0.23,1.36398876176759
0.24,1.36885131321357
0.25,1.37370197962726
0.26,1.37854027594608
0.27,1.38336571834442
0.28,1.38817782428206
0.29,1.39297611255242
0.3,1.39776010333067
0.31,1.40252931822172
0.32,1.40728328030806
0.33,1.41202151419743
0.34,1.41674354607041
0.35,1.42144890372773
0.36,1.42613711663754
0.37,1.43080771598248
0.38,1.43546023470649
0.39,1.44009420756158
0.4,1.44470917115433
0.41,1.44930466399221
0.42,1.45388022652978
0.43,1.45843540121461
0.44,1.462969732533
0.45,1.46748276705562
0.46,1.47197405348276
0.47,1.47644314268953
0.48,1.48088958777074
0.49,1.48531294408558
0.5,1.4897127693021
0.51,1.49408862344145
0.52,1.49844006892187
0.53,1.50276667060242
0.54,1.50706799582656
0.55,1.51134361446533
0.56,1.51559309896044
0.57,1.51981602436698
0.58,1.52401196839594
0.59,1.52818051145639
0.6,1.53232123669752
0.61,1.53643373005024
0.62,1.54051758026865
0.63,1.54457237897113
0.64,1.5485977206812
0.65,1.55259320286802
0.66,1.55655842598672
0.67,1.56049299351828
0.68,1.56439651200923
0.69,1.56826859111098
0.7,1.57210884361885
0.71,1.57591688551077
0.72,1.57969233598574
0.73,1.58343481750185
0.74,1.58714395581407
0.75,1.59081938001167
0.76,1.59446072255528
0.77,1.59806761931368
0.78,1.60163970960021
0.79,1.6051766362088
0.8,1.60867804544976
0.81,1.61214358718507
0.82,1.61557291486345
0.83,1.61896568555498
0.84,1.62232155998543
0.85,1.62564020257015
0.86,1.62892128144764
0.87,1.63216446851275
0.88,1.63536943944948
0.89,1.63853587376341
0.9,1.64166345481374
0.91,1.64475186984498
0.92,1.64780081001818
0.93,1.65080997044189
0.94,1.65377905020256
0.95,1.65670775239469
0.96,1.6595957841505
0.97,1.66244285666923
0.98,1.66524868524599
0.99,1.66801298930026
1,1.67073549240395
1.01,1.67341592230901
1.02,1.67605401097468
1.03,1.6786494945943
1.04,1.68120211362167
1.05,1.68371161279701
1.06,1.68617774117249
1.07,1.68860025213734
1.08,1.69097890344247
1.09,1.69331345722474
1.1,1.69560368003072
1.11,1.69784934284002
1.12,1.70005022108825
1.13,1.70220609468941
1.14,1.70431674805794
1.15,1.70638197013026
1.16,1.70840155438588
1.17,1.71037529886807
1.18,1.71230300620401
1.19,1.71418448362458
1.2,1.71601954298361
1.21,1.71780800077669
1.22,1.71954967815953
1.23,1.72124440096585
1.24,1.72289199972477
1.25,1.72449230967779
1.26,1.72604517079526
1.27,1.72755042779235
1.28,1.72900793014461
1.29,1.73041753210304
1.3,1.7317790927086
1.31,1.73309247580637
1.32,1.73435755005913
1.33,1.73557418896052
1.34,1.73674227084766
1.35,1.73786167891333
1.36,1.73893230121766
1.37,1.73995403069931
1.38,1.74092676518618
1.39,1.74185040740564
1.4,1.74272486499423
1.41,1.74355005050693
1.42,1.74432588142586
1.43,1.74505228016859
1.44,1.74572917409584
1.45,1.74635649551879
1.46,1.74693418170582
1.47,1.74746217488879
1.48,1.74794042226882
1.49,1.74836887602157
1.5,1.74874749330203
1.51,1.74907623624877
1.52,1.74935507198779
1.53,1.74958397263574
1.54,1.74976291530274
1.55,1.74989188209468
1.56,1.74997086011498
1.57,1.74999984146592
1.58,1.74997882324937
1.59,1.74990780756715
1.6,1.74978680152075
1.61,1.7496158172107
1.62,1.74939487173526
1.63,1.74912398718882
1.64,1.74880319065959
1.65,1.74843251422696
1.66,1.74801199495827
1.67,1.74754167490509
1.68,1.74702160109904
1.69,1.74645182554706
1.7,1.74583240522623
1.71,1.74516340207808
1.72,1.74444488300235
1.73,1.74367691985036
1.74,1.74285958941778
1.75,1.74199297343697
1.76,1.74107715856881
1.77,1.74011223639402
1.78,1.73909830340402
1.79,1.73803546099126
1.8,1.7369238154391
1.81,1.73576347791116
1.82,1.73455456444023
1.83,1.73329719591665
1.84,1.73199149807622
1.85,1.73063760148765
1.86,1.72923564153946
1.87,1.72778575842647
1.88,1.7262880971358
1.89,1.72474280743232
1.9,1.72315004384371
1.91,1.72150996564501
1.92,1.71982273684266
1.93,1.71808852615815
1.94,1.7163075070111
1.95,1.71447985750193
1.96,1.71260576039408
1.97,1.7106854030957
1.98,1.7087189776409
1.99,1.70670668067061
2,1.70464871341284
2.01,1.7025452816626
2.02,1.70039659576131
2.03,1.69820287057578
2.04,1.69596432547669
2.05,1.69368118431669
2.06,1.69135367540799
2.07,1.68898203149954
2.08,1.68656648975376
2.09,1.68410729172281
2.1,1.68160468332444
2.11,1.6790589148174
2.12,1.67647024077644
2.13,1.67383892006678
2.14,1.67116521581832
2.15,1.66844939539925
2.16,1.66569173038934
2.17,1.6628924965528
2.18,1.66005197381069
2.19,1.6571704462129
2.2,1.6542482019098
2.21,1.65128553312337
2.22,1.64828273611804
2.23,1.645240111171
2.24,1.64215796254221
2.25,1.63903659844396
2.26,1.63587633101006
2.27,1.63267747626463
2.28,1.62944035409046
2.29,1.62616528819709
2.3,1.62285260608836
2.31,1.61950263902974
2.32,1.61611572201513
2.33,1.61269219373341
2.34,1.60923239653456
2.35,1.60573667639542
2.36,1.60220538288509
2.37,1.59863886912997
2.38,1.59503749177847
2.39,1.59140161096532
2.4,1.58773159027558
2.41,1.58402779670825
2.42,1.5802906006396
2.43,1.57652037578613
2.44,1.57271749916719
2.45,1.56888235106725
2.46,1.56501531499795
2.47,1.56111677765965
2.48,1.55718712890286
2.49,1.55322676168916
2.5,1.54923607205198
2.51,1.54521545905696
2.52,1.54116532476204
2.53,1.53708607417729
2.54,1.53297811522435
2.55,1.52884185869571
2.56,1.52467771821356
2.57,1.52048611018849
2.58,1.51626745377781
2.59,1.51202217084364
2.6,1.50775068591073
2.61,1.50345342612403
2.62,1.49913082120592
2.63,1.4947833034133
2.64,1.49041130749432
2.65,1.48601527064494
2.66,1.48159563246517
2.67,1.47715283491515
2.68,1.47268732227094
2.69,1.46819954108006
2.7,1.46368994011692
2.71,1.45915897033783
2.72,1.45460708483601
2.73,1.45003473879621
2.74,1.44544238944923
2.75,1.44083049602617
2.76,1.43619951971253
2.77,1.43154992360208
2.78,1.42688217265057
2.79,1.42219673362919
2.8,1.41749407507795
2.81,1.41277466725878
2.82,1.40803898210853
2.83,1.40328749319176
2.84,1.39852067565342
2.85,1.39373900617127
2.86,1.38894296290829
2.87,1.38413302546481
2.88,1.37930967483056
2.89,1.37447339333658
2.9,1.36962466460699
2.91,1.36476397351063
2.92,1.35989180611256
2.93,1.35500864962545
2.94,1.35011499236089
2.95,1.34521132368051
2.96,1.34029813394712
2.97,1.33537591447557
2.98,1.33044515748373
2.99,1.32550635604317
3,1.32056000402993
3.01,1.31560659607509
3.02,1.31064662751531
3.03,1.30568059434332
3.04,1.3007089931583
3.05,1.29573232111622
3.06,1.29075107588013
3.07,1.28576575557042
3.08,1.28077685871496
3.09,1.27578488419927
3.1,1.27079033121665
3.11,1.26579369921823
3.12,1.26079548786305
3.13,1.25579619696808
3.14,1.25079632645824
3.15,1.24579637631643
3.16,1.24079684653347
3.17,1.2357982370582
3.18,1.23080104774738
3.19,1.22580577831579
3.2,1.22081292828621
3.21,1.21582299693948
3.22,1.21083648326457
3.23,1.2058538859087
3.24,1.20087570312745
3.25,1.19590243273495
3.26,1.19093457205409
3.27,1.18597261786681
3.28,1.18101706636439
3.29,1.17606841309784
3.3,1.17112715292838
3.31,1.16619377997789
3.32,1.16126878757957
3.33,1.15635266822855
3.34,1.15144591353267
3.35,1.1465490141633
3.36,1.14166245980631
3.37,1.13678673911306
3.38,1.13192233965155
3.39,1.12706974785768
3.4,1.12222944898658
3.41,1.11740192706411
3.42,1.11258766483844
3.43,1.10778714373177
3.44,1.10300084379222
3.45,1.09822924364579
3.46,1.09347282044851
3.47,1.08873204983876
3.48,1.08400740588963
3.49,1.07929936106159
3.5,1.07460838615519
3.51,1.06993495026402
3.52,1.06527952072776
3.53,1.0606425630855
3.54,1.05602454102913
3.55,1.05142591635702
3.56,1.04684714892779
3.57,1.04228869661438
3.58,1.03775101525821
3.59,1.03323455862364
3.6,1.02873977835257
3.61,1.02426712391929
3.62,1.0198170425855
3.63,1.01538997935564
3.64,1.01098637693233
3.65,1.00660667567215
3.66,1.00225131354158
3.67,0.997920726073194
3.68,0.993615346322138
3.69,0.989335604822797
3.7,0.985081929545753
3.71,0.980854745854991
3.72,0.976654476465356
3.73,0.972481541400288
3.74,0.968336357949815
3.75,0.964219340628828
3.76,0.960130901135628
3.77,0.956071448310759
3.78,0.952041388096118
3.79,0.94804112349437
3.8,0.94407105452864
3.81,0.940131578202518
3.82,0.936223088460353
3.83,0.932345976147862
3.84,0.928500628973046
3.85,0.924687431467416
3.86,0.920906764947548
3.87,0.91715900747694
3.88,0.913444533828219
3.89,0.909763715445653
3.9,0.906116920408013
3.91,0.902504513391764
3.92,0.898926855634597
3.93,0.895384304899307
3.94,0.891877215438015
3.95,0.888405937956744
3.96,0.88497081958035
3.97,0.881572203817808
3.98,0.878210430527863
3.99,0.874885835885041
4,0.871598752346036
4.01,0.868349508616463
4.02,0.865138429617988
4.03,0.861965836455834
4.04,0.858832046386674
4.05,0.855737372786902
4.06,0.852682125121301
4.07,0.849666608912091
4.08,0.84669112570838
4.09,0.843755973056008
4.1,0.840861444467795
4.11,0.838007829394187
4.12,0.835195413194315
4.13,0.832424477107453
4.14,0.829695298224903
4.15,0.827008149462277
4.16,0.824363299532213
4.17,0.821761012917499
4.18,0.81920154984463
4.19,0.816685166257778
4.2,0.814212113793206
4.21,0.811782639754099
4.22,0.809396987085837
4.23,0.807055394351699
4.24,0.804758095709006
4.25,0.802505320885708
4.26,0.800297295157411
4.27,0.798134239324847
4.28,0.796016369691797
4.29,0.79394389804346
4.3,0.791917031625273
4.31,0.789935973122188
4.32,0.788000920638406
4.33,0.786112067677562
4.34,0.784269603123379
4.35,0.782473711220775
4.36,0.780724571557446
4.37,0.7790223590459
4.38,0.777367243905968
4.39,0.775759391647787
4.4,0.774198963055242
4.41,0.772686114169892
4.42,0.771220996275364
4.43,0.769803755882228
4.44,0.768434534713342
4.45,0.767113469689681
4.46,0.765840692916646
4.47,0.764616331670856
4.48,0.763440508387413
4.49,0.762313340647667
4.5,0.761234941167451
4.51,0.760205417785817
4.52,0.759224873454242
4.53,0.758293406226345
4.54,0.75741110924807
4.55,0.756578070748382
4.56,0.755794374030435
4.57,0.755060097463248
4.58,0.754375314473867
4.59,0.753740093540018
4.6,0.753154498183268
4.61,0.752618586962662
4.62,0.752132413468877
4.63,0.751696026318857
4.64,0.751309469150953
4.65,0.75097278062056
4.66,0.75068599439625
4.67,0.750449139156408
4.68,0.750262238586358
4.69,0.750125311376003
4.7,0.75003837121795
4.71,0.750001426806141
4.72,0.750014481834988
4.73,0.750077534998998
4.74,0.750190579992907
4.75,0.750353605512311
4.76,0.750566595254793
4.77,0.750829527921556
4.78,0.751142377219553
4.79,0.751505111864115
4.8,0.75191769558208
4.81,0.752380087115419
4.82,0.752892240225364
4.83,0.753454103697032
4.84,0.754065621344544
4.85,0.754726732016643
4.86,0.755437369602815
4.87,0.756197463039892
4.88,0.757006936319165
4.89,0.757865708493979
4.9,0.758773693687834
4.91,0.759730801102966
4.92,0.760736935029431
4.93,0.761791994854675
4.94,0.762895875073595
4.95,0.76404846529909
4.96,0.765249650273096
4.97,0.766499309878117
4.98,0.767797319149235
4.99,0.769143548286603
5,0.770537862668431
5.01,0.771980122864441
5.02,0.773470184649816
5.03,0.77500789901962
5.04,0.776593112203696
5.05,0.778225665682047
5.06,0.779905396200686
5.07,0.781632135787961
5.08,0.783405711771351
5.09,0.785225946794737
5.1,0.787092658836134
5.11,0.789005661225892
5.12,0.790964762665367
5.13,0.792969767246047
5.14,0.795020474469145
5.15,0.797116679265648
5.16,0.799258172016823
5.17,0.801444738575179
5.18,0.803676160285883
5.19,0.805952214008623
5.2,0.808272672139923
5.21,0.810637302635905
5.22,0.813045869035489
5.23,0.815498130484042
5.24,0.817993841757463
5.25,0.820532753286704
5.26,0.823114611182728
5.27,0.825739157261898
5.28,0.828406129071792
5.29,0.831115259917451
5.3,0.833866278888049
5.31,0.836658910883982
5.32,0.839492876644377
5.33,0.842367892775018
5.34,0.84528367177669
5.35,0.848239922073922
5.36,0.851236348044148
5.37,0.854272650047267
5.38,0.85734852445561
5.39,0.860463663684298
5.4,0.863617756222006
5.41,0.866810486662108
5.42,0.870041535734219
5.43,0.873310580336127
5.44,0.876617293566094
5.45,0.879961344755553
5.46,0.883342399502172
5.47,0.886760119703293
5.48,0.890214163589746
5.49,0.893704185760019
5.5,0.897229837214804
5.51,0.900790765391893
5.52,0.904386614201437
5.53,0.90801702406155
5.54,0.911681631934272
5.55,0.915380071361869
5.56,0.919111972503482
5.57,0.922876962172104
5.58,0.926674663871908
5.59,0.930504697835888
5.6,0.93436668106384
5.61,0.938260227360657
5.62,0.942184947374957
5.63,0.946140448638007
5.64,0.950126335602978
5.65,0.954142209684495
5.66,0.958187669298496
5.67,0.962262309902391
5.68,0.966365724035516
5.69,0.970497501359876
5.7,0.974657228701181
5.71,0.978844490090165
5.72,0.983058866804178
5.73,0.98729993740906
5.74,0.991567277801286
5.75,0.995860461250371
5.76,1.00017905844155
5.77,1.0045226375187
5.78,1.00889076412753
5.79,1.01328300145903
5.8,1.01769891029312
5.81,1.0221380490426
5.82,1.02659997379729
5.83,1.03108423836843
5.84,1.0355903943333
5.85,1.04011799108007
5.86,1.04466657585283
5.87,1.04923569379689
5.88,1.05382488800427
5.89,1.05843369955937
5.9,1.06306166758488
5.91,1.06770832928785
5.92,1.07237322000598
5.93,1.07705587325409
5.94,1.08175582077075
5.95,1.08647259256513
5.96,1.09120571696398
5.97,1.09595472065881
5.98,1.1007191287532
5.99,1.10549846481032
6,1.11029225090054
6.01,1.11510000764924
6.02,1.11992125428477
6.03,1.12475550868646
6.04,1.12960228743292
6.05,1.1344611058503
6.06,1.13933147806082
6.07,1.14421291703131
6.08,1.14910493462194
6.09,1.15400704163502
6.1,1.15891874786395
6.11,1.16383956214219
6.12,1.16876899239242
6.13,1.17370654567572
6.14,1.17865172824087
6.15,1.18360404557374
6.16,1.18856300244673
6.17,1.19352810296827
6.18,1.19849885063245
6.19,1.20347474836866
6.2,1.20845529859125
6.21,1.21344000324937
6.22,1.21842836387669
6.23,1.22341988164132
6.24,1.22841405739564
6.25,1.23341039172622
6.26,1.23840838500381
6.27,1.24340753743324
6.28,1.24840734910343
6.29,1.25340732003739
6.3,1.25840695024217
6.31,1.26340573975895
6.32,1.26840318871291
6.33,1.27339879736334
6.34,1.27839206615354
6.35,1.28338249576078
6.36,1.28836958714626
6.37,1.293352841605
6.38,1.29833176081571
6.39,1.30330584689061
6.4,1.30827460242525
6.41,1.3132375305482
6.42,1.3181941349708
6.43,1.32314392003673
6.44,1.32808639077161
6.45,1.33302105293248
6.46,1.33794741305724
6.47,1.34286497851399
6.48,1.34777325755027
6.49,1.35267175934228
6.5,1.35755999404391
6.51,1.36243747283577
6.52,1.36730370797404
6.53,1.37215821283927
6.54,1.37700050198501
6.55,1.38183009118639
6.56,1.38664649748851
6.57,1.39144923925475
6.58,1.39623783621493
6.59,1.40101180951337
6.6,1.40577068175669
6.61,1.41051397706164
6.62,1.41524122110266
6.63,1.41995194115926
6.64,1.42464566616337
6.65,1.4293219267464
6.66,1.43398025528619
6.67,1.43862018595377
6.68,1.44324125475994
6.69,1.44784299960167
6.7,1.4524249603083
6.71,1.45698667868759
6.72,1.4615276985715
6.73,1.46604756586182
6.74,1.4705458285756
6.75,1.47502203689031
6.76,1.47947574318885
6.77,1.48390650210429
6.78,1.48831387056445
6.79,1.49269740783615
6.8,1.4970566755693
6.81,1.50139123784079
6.82,1.50570066119798
6.83,1.50998451470213
6.84,1.51424236997147
6.85,1.51847380122401
6.86,1.52267838532015
6.87,1.526855701805
6.88,1.53100533295037
6.89,1.53512686379662
6.9,1.5392198821941
6.91,1.54328397884437
6.92,1.54731874734116
6.93,1.55132378421099
6.94,1.55529868895349
6.95,1.55924306408151
6.96,1.56315651516083
6.97,1.56703865084959
6.98,1.57088908293747
6.99,1.57470742638446
7,1.57849329935939
7.01,1.58224632327814
7.02,1.58596612284143
7.03,1.58965232607241
7.04,1.59330456435382
7.05,1.59692247246488
7.06,1.6005056886178
7.07,1.60405385449394
7.08,1.60756661527968
7.09,1.61104361970186
7.1,1.61448452006294
7.11,1.61788897227575
7.12,1.6212566358979
7.13,1.62458717416584
7.14,1.62788025402853
7.15,1.63113554618071
7.16,1.63435272509588
7.17,1.63753146905883
7.18,1.64067146019782
7.19,1.64377238451636
7.2,1.64683393192458
7.21,1.6498557962703
7.22,1.65283767536961
7.23,1.65577927103707
7.24,1.65868028911559
7.25,1.66154043950575
7.26,1.66435943619492
7.27,1.66713699728576
7.28,1.66987284502449
7.29,1.67256670582861
7.3,1.67521831031428
7.31,1.67782739332327
7.32,1.68039369394945
7.33,1.68291695556489
7.34,1.68539692584555
7.35,1.68783335679644
7.36,1.69022600477652
7.37,1.69257463052297
7.38,1.69487899917518
7.39,1.6971388802982
7.4,1.69935404790581
7.41,1.70152428048309
7.42,1.70364936100859
7.43,1.70572907697603
7.44,1.70776322041554
7.45,1.70975158791449
7.46,1.71169398063776
7.47,1.71359020434771
7.48,1.71544006942356
7.49,1.71724339088032
7.5,1.71899998838737
7.51,1.72070968628641
7.52,1.72237231360908
7.53,1.72398770409403
7.54,1.72555569620355
7.55,1.72707613313976
7.56,1.72854886286021
7.57,1.72997373809316
7.58,1.73135061635229
7.59,1.7326793599509
7.6,1.73395983601574
7.61,1.73519191650029
7.62,1.73637547819751
7.63,1.73751040275222
7.64,1.73859657667291
7.65,1.7396338913431
7.66,1.74062224303218
7.67,1.74156153290581
7.68,1.74245166703578
7.69,1.74329255640942
7.7,1.7440841169385
7.71,1.74482626946762
7.72,1.74551893978214
7.73,1.74616205861562
7.74,1.74675556165671
7.75,1.74729938955559
7.76,1.74779348792993
7.77,1.7482378073703
7.78,1.74863230344513
7.79,1.74897693670515
7.8,1.7492716726873
7.81,1.74951648191825
7.82,1.74971133991726
7.83,1.74985622719871
7.84,1.74995112927399
7.85,1.74999603665296
7.86,1.74999094484493
7.87,1.74993585435907
7.88,1.74983077070439
7.89,1.74967570438916
7.9,1.74947067091989
7.91,1.74921569079975
7.92,1.74891078952654
7.93,1.74855599759013
7.94,1.74815135046943
7.95,1.74769688862881
7.96,1.74719265751407
7.97,1.7466387075479
7.98,1.74603509412485
7.99,1.74538187760574
8,1.74467912331169
8.01,1.74392690151754
8.02,1.74312528744484
8.03,1.74227436125434
8.04,1.74137420803793
8.05,1.7404249178102
8.06,1.73942658549937
8.07,1.73837931093785
8.08,1.73728319885222
8.09,1.73613835885277
8.1,1.73494490542254
8.11,1.7337029579059
8.12,1.73241264049655
8.13,1.73107408222515
8.14,1.72968741694643
8.15,1.72825278332575
8.16,1.72677032482529
8.17,1.72524018968964
8.18,1.72366253093106
8.19,1.72203750631411
8.2,1.72036527833989
8.21,1.7186460142298
8.22,1.71687988590883
8.23,1.71506706998833
8.24,1.71320774774838
8.25,1.71130210511967
8.26,1.70935033266486
8.27,1.70735262555958
8.28,1.70530918357287
8.29,1.70322021104722
8.3,1.70108591687815
8.31,1.69890651449329
8.32,1.69668222183108
8.33,1.69441326131891
8.34,1.69209985985096
8.35,1.68974224876543
8.36,1.68734066382148
8.37,1.6848953451756
8.38,1.68240653735761
8.39,1.67987448924622
8.4,1.67729945404414
8.41,1.67468168925273
8.42,1.6720214566463
8.43,1.66931902224589
8.44,1.66657465629268
8.45,1.66378863322099
8.46,1.6609612316308
8.47,1.65809273425991
8.48,1.65518342795568
8.49,1.6522336036463
8.5,1.64924355631175
8.51,1.64621358495426
8.52,1.64314399256846
8.53,1.64003508611103
8.54,1.63688717647001
8.55,1.63370057843374
8.56,1.63047561065939
8.57,1.62721259564103
8.58,1.62391185967744
8.59,1.62057373283949
8.6,1.61719854893706
8.61,1.61378664548573
8.62,1.61033836367301
8.63,1.6068540483242
8.64,1.60333404786794
8.65,1.59977871430133
8.66,1.59618840315478
8.67,1.5925634734564
8.68,1.58890428769614
8.69,1.58521121178954
8.7,1.58148461504109
8.71,1.57772487010738
8.72,1.57393235295976
8.73,1.57010744284679
8.74,1.56625052225628
8.75,1.5623619768771
8.76,1.55844219556052
8.77,1.55449157028143
8.78,1.55051049609905
8.79,1.54649937111748
8.8,1.54245859644588
8.81,1.53838857615835
8.82,1.53428971725353
8.83,1.5301624296139
8.84,1.52600712596477
8.85,1.52182422183304
8.86,1.51761413550566
8.87,1.51337728798773
8.88,1.50911410296049
8.89,1.50482500673888
8.9,1.50051042822894
8.91,1.49617079888494
8.92,1.4918065526662
8.93,1.48741812599369
8.94,1.48300595770644
8.95,1.47857048901758
8.96,1.47411216347029
8.97,1.46963142689342
8.98,1.46512872735688
8.99,1.46060451512689
9,1.45605924262088
9.01,1.45149336436232
9.02,1.44690733693524
9.03,1.44230161893856
9.04,1.43767667094023
9.05,1.43303295543121
9.06,1.42837093677916
9.07,1.42369108118209
9.08,1.41899385662163
9.09,1.41427973281635
9.1,1.40954918117468
9.11,1.40480267474785
9.12,1.40004068818254
9.13,1.39526369767345
9.14,1.39047218091565
9.15,1.38566661705682
9.16,1.38084748664933
9.17,1.37601527160222
9.18,1.37117045513296
9.19,1.36631352171917
9.2,1.36144495705012
9.21,1.35656524797825
9.22,1.35167488247038
9.23,1.34677434955899
9.24,1.34186413929329
9.25,1.33694474269022
9.26,1.33201665168533
9.27,1.32708035908362
9.28,1.32213635851023
9.29,1.3171851443611
9.3,1.31222721175353
9.31,1.30726305647664
9.32,1.30229317494182
9.33,1.29731806413308
9.34,1.29233822155736
9.35,1.28735414519477
9.36,1.28236633344878
9.37,1.27737528509642
9.38,1.27238149923837
9.39,1.26738547524904
9.4,1.26238771272668
9.41,1.25738871144337
9.42,1.25238897129506
9.43,1.24738899225162
9.44,1.24238927430678
9.45,1.23739031742817
9.46,1.23239262150731
9.47,1.22739668630962
9.48,1.22240301142446
9.49,1.21741209621517
9.5,1.2124244397691
9.51,1.20744054084773
9.52,1.20246089783682
9.53,1.19748600869651
9.54,1.19251637091156
9.55,1.18755248144162
9.56,1.1825948366715
9.57,1.17764393236154
9.58,1.17270026359805
9.59,1.16776432474378
9.6,1.16283660938851
9.61,1.15791761029966
9.62,1.15300781937305
9.63,1.14810772758367
9.64,1.14321782493663
9.65,1.13833860041811
9.66,1.13347054194649
9.67,1.12861413632358
9.68,1.12376986918587
9.69,1.11893822495606
9.7,1.11411968679453
9.71,1.10931473655109
9.72,1.10452385471675
9.73,1.09974752037572
9.74,1.09498621115744
9.75,1.09024040318886
9.76,1.08551057104684
9.77,1.08079718771063
9.78,1.07610072451465
9.79,1.07142165110131
9.8,1.06676043537404
9.81,1.06211754345053
9.82,1.05749343961611
9.83,1.05288858627731
9.84,1.04830344391562
9.85,1.04373847104145
9.86,1.0391941241483
9.87,1.03467085766707
9.88,1.03016912392062
9.89,1.0256893730786
9.9,1.02123205311234
9.91,1.01679760975013
9.92,1.01238648643261
9.93,1.00799912426844
9.94,1.00363596199017
9.95,0.999297435910401
9.96,0.994983979878123
9.97,0.990696025235345
9.98,0.986434000773957
9.99,0.982198332692854
10,0.977989444555315
10.01,0.973807757246646
10.02,0.969653688932092
10.03,0.965527655015024
10.04,0.961430068095394
10.05,0.957361337928482
10.06,0.953321871383912
10.07,0.949312072404972
10.08,0.94533234196822
10.09,0.941383078043381
10.1,0.937464675553559
10.11,0.933577526335736
10.12,0.929722019101594
10.13,0.925898539398645
10.14,0.922107469571673
10.15,0.918349188724501
10.16,0.914624072682082
10.17,0.910932493952915
10.18,0.907274821691798
10.19,0.903651421662908
10.2,0.900062656203228
10.21,0.896508884186315
10.22,0.892990460986409
10.23,0.889507738442897
10.24,0.886061064825132
10.25,0.882650784797602
10.26,0.87927723938547
10.27,0.875940765940464
10.28,0.872641698107149
10.29,0.869380365789559
10.3,0.866157095118209
10.31,0.862972208417478
10.32,0.859826024173384
10.33,0.856718857001729
10.34,0.85365101761664
10.35,0.8506228127995
10.36,0.847634545368266
10.37,0.844686514147192
10.38,0.841779013936944
10.39,0.838912335485119
10.4,0.836086765457173
10.41,0.833302586407755
10.42,0.83056007675245
10.43,0.827859510739937
10.44,0.825201158424568
10.45,0.822585285639358
10.46,0.820012153969407
10.47,0.817482020725737
10.48,0.814995138919564
10.49,0.812551757236996
10.5,0.810152120014165
10.51,0.807796467212794
10.52,0.8054850343962
10.53,0.803218052705739
10.54,0.80099574883769
10.55,0.798818345020588
10.56,0.796686058993001
10.57,0.794599103981754
10.58,0.79255768868061
10.59,0.790562017229397
10.6,0.788612289193597
10.61,0.786708699544389
10.62,0.784851438639152
10.63,0.783040692202428
10.64,0.781276641307353
10.65,0.779559462357546
10.66,0.777889327069471
10.67,0.776266402455264
10.68,0.774690850806035
10.69,0.773162829675636
10.7,0.771682491864906
10.71,0.770249985406393
10.72,0.768865453549549
10.73,0.767529034746406
10.74,0.766240862637731
10.75,0.765001066039661
10.76,0.763809768930822
10.77,0.762667090439933
10.78,0.761573144833891
10.79,0.760528041506344
10.8,0.759531884966754
10.81,0.758584774829946
10.82,0.757686805806144
10.83,0.756838067691501
10.84,0.756038645359122
10.85,0.755288618750575
10.86,0.754588062867894
10.87,0.753937047766084
10.88,0.753335638546113
10.89,0.752783895348402
10.9,0.752281873346811
10.91,0.751829622743122
10.92,0.751427188762017
10.93,0.751074611646561
10.94,0.75077192665417
10.95,0.750519164053091
10.96,0.750316349119375
10.97,0.750163502134345
10.98,0.750060638382573
10.99,0.750007768150348
11,0.750004896724648
11.01,0.750052024392615
11.02,0.750149146441521
11.03,0.750296253159242
11.04,0.750493329835229
11.05,0.750740356761977
11.06,0.751037309237002
11.07,0.751384157565301
11.08,0.751780867062332
11.09,0.752227398057476
11.1,0.752723705898005
11.11,0.753269740953549
11.12,0.753865448621057
11.13,0.754510769330259
11.14,0.755205638549621
11.15,0.755949986792801
11.16,0.756743739625595
11.17,0.75758681767338
11.18,0.758479136629056
11.19,0.759420607261469
11.2,0.760411135424341
11.21,0.761450622065682
11.22,0.762538963237693
11.23,0.763676050107164
11.24,0.764861768966355
11.25,0.766096001244369
11.26,0.767378623519007
11.27,0.76870950752911
11.28,0.770088520187386
11.29,0.771515523593718
11.3,0.772990375048956
11.31,0.774512927069181
11.32,0.776083027400462
11.33,0.777700519034073
11.34,0.779365240222199
11.35,0.781077024494109
11.36,0.782835700672801
11.37,0.784641092892124
11.38,0.78649302061436
11.39,0.78839129864828
11.4,0.790335737167662
11.41,0.792326141730275
11.42,0.794362313297322
11.43,0.796444048253342
11.44,0.798571138426575
11.45,0.800743371109776
11.46,0.802960529081487
11.47,0.805222390627757
11.48,0.807528729564318
11.49,0.809879315259198
11.5,0.812273912655786
11.51,0.814712282296338
11.52,0.817194180345921
11.53,0.8197193586168
11.54,0.822287564593251
11.55,0.824898541456817
11.56,0.827552028111987
11.57,0.830247759212307
11.58,0.832985465186914
11.59,0.83576487226749
11.6,0.838585702515646
11.61,0.841447673850705
11.62,0.844350500077921
11.63,0.847293890917089
11.64,0.850277552031577
11.65,0.853301185057761
11.66,0.856364487634859
11.67,0.859467153435164
11.68,0.862608872194683
11.69,0.865789329744158
11.7,0.869008208040484
11.71,0.872265185198513
11.72,0.875559935523245
11.73,0.878892129542392
11.74,0.882261434039329
11.75,0.885667512086415
11.76,0.889110023078682
11.77,0.892588622767901
11.78,0.896102963297002
11.79,0.89965269323486
11.8,0.903237457611439
11.81,0.906856897953289
11.82,0.910510652319392
11.83,0.914198355337356
11.84,0.917919638239952
11.85,0.921674128901992
11.86,0.925461451877538
11.87,0.929281228437449
11.88,0.933133076607251
11.89,0.937016611205337
11.9,0.940931443881483
11.91,0.944877183155686
11.92,0.948853434457305
11.93,0.952859800164523
11.94,0.956895879644109
11.95,0.960961269291478
11.96,0.965055562571053
11.97,0.969178350056918
11.98,0.97332921947376
11.99,0.977507755738096
12,0.981713540999783
12.01,0.985946154683798
12.02,0.9902051735323
12.03,0.994490171646955
12.04,0.998800720531521
12.05,1.0031363891347
12.06,1.00749674389325
12.07,1.01188134877532
12.08,1.01628976532409
12.09,1.02072155270156
12.1,1.0251762677327
12.11,1.02965346494971
12.12,1.03415269663661
12.13,1.03867351287397
12.14,1.04321546158394
12.15,1.04777808857543
12.16,1.05236093758955
12.17,1.0569635503452
12.18,1.06158546658496
12.19,1.06622622412105
12.2,1.07088535888159
12.21,1.07556240495697
12.22,1.08025689464649
12.23,1.0849683585051
12.24,1.08969632539033
12.25,1.09444032250944
12.26,1.09919987546666
12.27,1.10397450831067
12.28,1.10876374358216
12.29,1.11356710236159
12.3,1.1183841043171
12.31,1.12321426775249
12.32,1.12805710965546
12.33,1.13291214574584
12.34,1.13777889052407
12.35,1.14265685731974
12.36,1.14754555834021
12.37,1.15244450471948
12.38,1.15735320656698
12.39,1.16227117301662
12.4,1.16719791227585
12.41,1.17213293167484
12.42,1.17707573771579
12.43,1.18202583612219
12.44,1.18698273188833
12.45,1.19194592932877
12.46,1.1969149321279
12.47,1.20188924338958
12.48,1.20686836568683
12.49,1.21185180111156
12.5,1.2168390513244
12.51,1.22182961760447
12.52,1.2268230008993
12.53,1.23181870187473
12.54,1.23681622096482
12.55,1.24181505842183
12.56,1.24681471436617
12.57,1.25181468883643
12.58,1.25681448183931
12.59,1.26181359339969
12.6,1.26681152361057
12.61,1.2718077726831
12.62,1.27680184099653
12.63,1.2817932291482
12.64,1.28678143800345
12.65,1.29176596874555
12.66,1.29674632292558
12.67,1.30172200251228
12.68,1.30669250994182
12.69,1.31165734816761
12.7,1.31661602070997
12.71,1.32156803170577
12.72,1.32651288595804
12.73,1.33145008898547
12.74,1.33637914707188
12.75,1.34129956731557
12.76,1.3462108576786
12.77,1.35111252703605
12.78,1.35600408522505
12.79,1.36088504309386
12.8,1.36575491255077
12.81,1.37061320661288
12.82,1.37545943945485
12.83,1.38029312645742
12.84,1.38511378425592
12.85,1.38992093078859
12.86,1.39471408534478
12.87,1.39949276861303
12.88,1.404256502729
12.89,1.40900481132324
12.9,1.41373721956885
12.91,1.41845325422895
12.92,1.423152443704
12.93,1.42783431807898
12.94,1.43249840917035
12.95,1.43714425057288
12.96,1.44177137770631
12.97,1.44637932786177
12.98,1.4509676402481
12.99,1.45553585603787
13,1.46008351841332
13.01,1.464610172612
13.02,1.46911536597226
13.03,1.47359864797851
13.04,1.4780595703063
13.05,1.48249768686711
13.06,1.48691255385298
13.07,1.49130372978089
13.08,1.49567077553691
13.09,1.5000132544201
13.1,1.50433073218619
13.11,1.508622777091
13.12,1.51288895993362
13.13,1.51712885409933
13.14,1.52134203560223
13.15,1.52552808312768
13.16,1.52968657807443
13.17,1.53381710459645
13.18,1.53791924964452
13.19,1.54199260300755
13.2,1.54603675735361
13.21,1.55005130827063
13.22,1.55403585430687
13.23,1.55798999701104
13.24,1.56191334097216
13.25,1.56580549385912
13.26,1.56966606645986
13.27,1.57349467272034
13.28,1.57729092978313
13.29,1.58105445802568
13.3,1.5847848810983
13.31,1.5884818259618
13.32,1.59214492292478
13.33,1.59577380568058
13.34,1.59936811134395
13.35,1.60292748048733
13.36,1.60645155717677
13.37,1.60993998900753
13.38,1.61339242713934
13.39,1.61680852633126
13.4,1.62018794497622
13.41,1.62353034513518
13.42,1.62683539257089
13.43,1.63010275678138
13.44,1.63333211103293
13.45,1.63652313239283
13.46,1.63967550176159
13.47,1.6427889039049
13.48,1.64586302748515
13.49,1.64889756509253
13.5,1.65189221327581
13.51,1.65484667257268
13.52,1.65776064753966
13.53,1.66063384678168
13.54,1.66346598298122
13.55,1.66625677292702
13.56,1.6690059375424
13.57,1.6717132019132
13.58,1.67437829531524
13.59,1.67700095124139
13.6,1.67958090742825
13.61,1.68211790588235
13.62,1.68461169290596
13.63,1.68706201912245
13.64,1.68946863950125
13.65,1.69183131338232
13.66,1.69414980450024
13.67,1.69642388100784
13.68,1.69865331549935
13.69,1.7008378850332
13.7,1.70297737115423
13.71,1.70507155991563
13.72,1.70712024190026
13.73,1.70912321224164
13.74,1.71108027064439
13.75,1.71299122140431
13.76,1.71485587342792
13.77,1.71667404025156
13.78,1.71844554006007
13.79,1.72017019570494
13.8,1.72184783472205
13.81,1.7234782893489
13.82,1.72506139654137
13.83,1.72659699799007
13.84,1.72808494013613
13.85,1.72952507418659
13.86,1.73091725612923
13.87,1.73226134674701
13.88,1.73355721163201
13.89,1.73480472119881
13.9,1.73600375069749
13.91,1.7371541802261
13.92,1.73825589474265
13.93,1.7393087840766
13.94,1.7403127429399
13.95,1.74126767093751
13.96,1.7421734725774
13.97,1.74303005728018
13.98,1.74383733938809
13.99,1.74459523817359
14,1.74530367784744
14.01,1.74596258756625
14.02,1.7465719014396
14.03,1.74713155853662
14.04,1.74764150289206
14.05,1.74810168351192
14.06,1.7485120543785
14.07,1.74887257445507
14.08,1.74918320768992
14.09,1.74944392301999
14.1,1.74965469437396
14.11,1.74981550067487
14.12,1.74992632584222
14.13,1.74998715879359
14.14,1.74999799344574
14.15,1.7499588287152
14.16,1.74986966851843
14.17,1.74973052177136
14.18,1.74954140238855
14.19,1.74930232928179
14.2,1.74901332635818
14.21,1.74867442251778
14.22,1.74828565165069
14.23,1.74784705263367
14.24,1.74735866932626
14.25,1.74682055056638
14.26,1.74623275016546
14.27,1.74559532690305
14.28,1.74490834452094
14.29,1.74417187171681
14.3,1.74338598213731
14.31,1.74255075437075
14.32,1.74166627193921
14.33,1.74073262329019
14.34,1.7397499017878
14.35,1.73871820570334
14.36,1.73763763820558
14.37,1.73650830735036
14.38,1.73533032606983
14.39,1.73410381216113
14.4,1.73282888827464
14.41,1.73150568190167
14.42,1.73013432536177
14.43,1.72871495578944
14.44,1.72724771512046
14.45,1.72573275007767
14.46,1.72417021215632
14.47,1.72256025760889
14.48,1.72090304742951
14.49,1.71919874733779
14.5,1.71744752776234
14.51,1.71564956382365
14.52,1.71380503531662
14.53,1.71191412669256
14.54,1.70997702704076
14.55,1.70799393006957
14.56,1.70596503408703
14.57,1.70389054198105
14.58,1.70177066119912
14.59,1.69960560372754
14.6,1.69739558607025
14.61,1.69514082922719
14.62,1.69284155867215
14.63,1.69049800433028
14.64,1.68811040055506
14.65,1.68567898610488
14.66,1.68320400411914
14.67,1.680685702094
14.68,1.67812433185755
14.69,1.67552014954469
14.7,1.67287341557147
14.71,1.67018439460908
14.72,1.66745335555739
14.73,1.66468057151802
14.74,1.66186631976706
14.75,1.65901088172735
14.76,1.6561145429403
14.77,1.65317759303739
14.78,1.65020032571116
14.79,1.64718303868585
14.8,1.64412603368766
14.81,1.64102961641454
14.82,1.63789409650563
14.83,1.63471978751032
14.84,1.63150700685685
14.85,1.62825607582062
14.86,1.62496731949202
14.87,1.62164106674394
14.88,1.61827765019889
14.89,1.61487740619572
14.9,1.61144067475599
14.91,1.60796779954998
14.92,1.60445912786233
14.93,1.60091501055727
14.94,1.59733580204358
14.95,1.59372186023913
14.96,1.59007354653509
14.97,1.5863912257598
14.98,1.58267526614225
14.99,1.57892603927532
15,1.57514392007856
15.01,1.57132928676075
15.02,1.56748252078203
15.03,1.56360400681581
15.04,1.55969413271023
15.05,1.55575328944947
15.06,1.55178187111455
15.07,1.54778027484401
15.08,1.54374890079413
15.09,1.53968815209897
15.1,1.53559843482999
15.11,1.53148015795554
15.12,1.52733373329985
15.13,1.52315957550195
15.14,1.51895810197412
15.15,1.51472973286023
15.16,1.51047489099366
15.17,1.50619400185506
15.18,1.50188749352976
15.19,1.49755579666502
15.2,1.4931993444269
15.21,1.48881857245701
15.22,1.48441391882888
15.23,1.47998582400422
15.24,1.47553473078881
15.25,1.47106108428827
15.26,1.46656533186352
15.27,1.46204792308605
15.28,1.45750930969297
15.29,1.45294994554185
15.3,1.44837028656531
15.31,1.44377079072541
15.32,1.43915191796792
15.33,1.43451413017625
15.34,1.42985789112533
15.35,1.42518366643518
15.36,1.42049192352437
15.37,1.41578313156328
15.38,1.41105776142719
15.39,1.40631628564917
15.4,1.40155917837285
15.41,1.39678691530499
15.42,1.39199997366792
15.43,1.38719883215182
15.44,1.38238397086684
15.45,1.37755587129509
15.46,1.3727150162425
15.47,1.36786188979055
15.48,1.36299697724785
15.49,1.35812076510158
15.5,1.3532337409689
15.51,1.34833639354815
15.52,1.34342921256999
15.53,1.33851268874844
15.54,1.33358731373177
15.55,1.32865358005338
15.56,1.32371198108253
15.57,1.318763010975
15.58,1.31380716462368
15.59,1.30884493760906
15.6,1.30387682614972
15.61,1.29890332705266
15.62,1.29392493766366
15.63,1.28894215581748
15.64,1.28395547978818
15.65,1.2789654082392
15.66,1.27397244017353
15.67,1.26897707488382
15.68,1.26397981190243
15.69,1.25898115095151
15.7,1.25398159189297
15.71,1.24898163467856
15.72,1.24398177929984
15.73,1.23898252573817
15.74,1.23398437391474
15.75,1.22898782364058
15.76,1.22399337456654
15.77,1.21900152613338
15.78,1.21401277752177
15.79,1.20902762760241
15.8,1.20404657488616
15.81,1.19907011747412
15.82,1.19409875300789
15.83,1.18913297861978
15.84,1.18417329088308
15.85,1.17922018576244
15.86,1.17427415856424
15.87,1.16933570388708
15.88,1.16440531557231
15.89,1.15948348665466
15.9,1.15457070931291
15.91,1.1496674748207
15.92,1.1447742734974
15.93,1.13989159465906
15.94,1.1350199265695
15.95,1.13015975639147
15.96,1.12531157013793
15.97,1.12047585262348
15.98,1.11565308741582
15.99,1.11084375678746
16,1.10604834166747
16.01,1.10126732159335
16.02,1.09650117466312
16.03,1.09175037748751
16.04,1.08701540514228
16.05,1.08229673112072
16.06,1.07759482728629
16.07,1.07291016382546
16.08,1.06824320920068
16.09,1.06359443010351
16.1,1.058964291408
16.11,1.05435325612414
16.12,1.04976178535164
16.13,1.04519033823374
16.14,1.04063937191134
16.15,1.03610934147728
16.16,1.03160069993083
16.17,1.02711389813239
16.18,1.0226493847584
16.19,1.01820760625648
16.2,1.01378900680077
16.21,1.00939402824753
16.22,1.00502311009097
16.23,1.00067668941926
16.24,0.996355200870829
16.25,0.992059076590945
16.26,0.987788746188453
16.27,0.983544636692831
16.28,0.979327172511494
16.29,0.975136775387349
16.3,0.970973864356612
16.31,0.966838855706916
16.32,0.962732162935685
16.33,0.958654196708771
16.34,0.954605364819398
16.35,0.950586072147381
16.36,0.946596720618641
16.37,0.942637709165003
16.38,0.938709433684313
16.39,0.934812287000847
16.4,0.930946658826026
16.41,0.927112935719445
16.42,0.92331150105022
16.43,0.919542734958651
16.44,0.915807014318207
16.45,0.912104712697837
16.46,0.908436200324618
16.47,0.904801844046732
16.48,0.901202007296776
16.49,0.897637050055427
16.5,0.894107328815438
16.51,0.890613196545992
16.52,0.887155002657402
16.53,0.883733092966176
16.54,0.880347809660434
16.55,0.876999491265683
16.56,0.87368847261097
16.57,0.870415084795407
16.58,0.867179655155044
16.59,0.863982507230149
16.6,0.860823960732851
16.61,0.857704331515168
16.62,0.854623931537422
16.63,0.851583068837042
16.64,0.848582047497765
16.65,0.845621167619226
16.66,0.842700725286942
16.67,0.839821012542715
16.68,0.83698231735542
16.69,0.834184923592209
16.7,0.831429110990127
16.71,0.828715155128137
16.72,0.826043327399566
16.73,0.823413894984959
16.74,0.820827120825365
16.75,0.818283263596047
16.76,0.815782577680607
16.77,0.813325313145551
16.78,0.810911715715286
16.79,0.808542026747545
16.8,0.806216483209249
16.81,0.803935317652811
16.82,0.801698758192891
16.83,0.799507028483568
16.84,0.797360347695987
16.85,0.795258930496437
16.86,0.793202987024889
16.87,0.791192722873976
16.88,0.789228339068436
16.89,0.787310032045015
16.9,0.785437993632816
16.91,0.783612411034119
16.92,0.781833466805664
16.93,0.780101338840391
16.94,0.778416200349654
16.95,0.776778219845895
16.96,0.775187561125802
16.97,0.773644383253922
16.98,0.772148840546753
16.99,0.770701082557322
17,0.769301254060222
17.01,0.767949495037134
17.02,0.766645940662835
17.03,0.765390721291675
17.04,0.764183962444548
17.05,0.76302578479633
17.06,0.761916304163822
17.07,0.760855631494163
17.08,0.759843872853735
17.09,0.75888112941756
17.1,0.757967497459178
17.11,0.757103068341026
17.12,0.756287928505293
17.13,0.755522159465284
17.14,0.754805837797265
17.15,0.754139035132805
17.16,0.753521818151617
17.17,0.752954248574883
17.18,0.752436383159088
17.19,0.751968273690342
17.2,0.751549966979202
17.21,0.75118150485599
17.22,0.750862924166613
17.23,0.750594256768872
17.24,0.750375529529284
17.25,0.750206764320391
17.26,0.750087978018574
17.27,0.750019182502362
17.28,0.750000384651251
17.29,0.750031586345009
17.3,0.750112784463494
17.31,0.750243970886962
17.32,0.750425132496879
17.33,0.750656251177235
17.34,0.750937303816355
17.35,0.75126826230921
17.36,0.751649093560224
17.37,0.752079759486592
17.38,0.752560217022079
17.39,0.753090418121332
17.4,0.753670309764683
17.41,0.754299833963451
17.42,0.754978927765741
17.43,0.755707523262737
17.44,0.756485547595499
17.45,0.75731292296224
17.46,0.758189566626114
17.47,0.759115390923484
17.48,0.760090303272693
17.49,0.761114206183318
17.5,0.762186997265921
17.51,0.763308569242288
17.52,0.764478809956156
17.53,0.765697602384429
17.54,0.766964824648879
17.55,0.768280350028337
17.56,0.76964404697136
17.57,0.77105577910939
17.58,0.772515405270391
17.59,0.774022779492962
17.6,0.775577751040938
17.61,0.777180164418459
17.62,0.778829859385522
17.63,0.780526670974007
17.64,0.782270429504168
17.65,0.784060960601605
17.66,0.785898085214701
17.67,0.787781619632525
17.68,0.789711375503205
17.69,0.791687159852762
17.7,0.793708775104408
17.71,0.795776019098302
17.72,0.797888685111767
17.73,0.800046561879963
17.74,0.802249433617012
17.75,0.804497080037573
17.76,0.80678927637888
17.77,0.809125793423209
17.78,0.811506397520801
17.79,0.81393085061323
17.8,0.816398910257208
17.81,0.81891032964883
17.82,0.821464857648244
17.83,0.824062238804782
17.84,0.826702213382494
17.85,0.82938451738612
17.86,0.832108882587495
17.87,0.83487503655237
17.88,0.837682702667654
17.89,0.840531600169075
17.9,0.843421444169256
17.91,0.846351945686206
17.92,0.849322811672215
17.93,0.85233374504316
17.94,0.855384444708213
17.95,0.858474605599951
17.96,0.861603918704858
17.97,0.864772071094232
17.98,0.867978745955476
17.99,0.871223622623774
18,0.874506376614162
18.01,0.877826679653979
18.02,0.881184199715688
18.03,0.88457860105008
18.04,0.888009544219849
18.05,0.891476686133538
18.06,0.894979680079848
18.07,0.898518175762298
18.08,0.902091819334272
18.09,0.90570025343439
18.1,0.90934311722225
18.11,0.913020046414507
18.12,0.916730673321306
18.13,0.920474626883051
18.14,0.924251532707504
18.15,0.928061013107229
18.16,0.931902687137363
18.17,0.935776170633703
18.18,0.939681076251126
18.19,0.943617013502326
18.2,0.947583588796858
18.21,0.951580405480498
18.22,0.955607063874906
18.23,0.959663161317602
18.24,0.963748292202219
18.25,0.967862048019072
18.26,0.97200401739601
18.27,0.976173786139546
18.28,0.980370937276281
18.29,0.984595051094597
18.3,0.988845705186633
18.31,0.993122474490525
18.32,0.997424931332902
18.33,1.00175264547167
18.34,1.00610518413901
18.35,1.0104821120847
18.36,1.01488299161958
18.37,1.01930738265937
18.38,1.02375484276865
18.39,1.02822492720512
18.4,1.03271718896405
18.41,1.03723117882302
18.42,1.0417664453868
18.43,1.04632253513251
18.44,1.05089899245498
18.45,1.05549535971229
18.46,1.06011117727154
18.47,1.06474598355482
18.48,1.06939931508537
18.49,1.07407070653391
18.5,1.07875969076519
18.51,1.0834657988847
18.52,1.08818856028553
18.53,1.0929275026955
18.54,1.0976821522243
18.55,1.10245203341095
18.56,1.10723666927131
18.57,1.11203558134576
18.58,1.11684828974711
18.59,1.12167431320853
18.6,1.12651316913169
18.61,1.13136437363503
18.62,1.13622744160214
18.63,1.14110188673029
18.64,1.14598722157901
18.65,1.1508829576189
18.66,1.15578860528043
18.67,1.16070367400292
18.68,1.16562767228359
18.69,1.17056010772673
18.7,1.1755004870929
18.71,1.18044831634828
18.72,1.18540310071406
18.73,1.19036434471593
18.74,1.19533155223365
18.75,1.20030422655058
18.76,1.20528187040344
18.77,1.210263986032
18.78,1.21525007522884
18.79,1.22023963938919
18.8,1.22523217956081
18.81,1.23022719649384
18.82,1.23522419069074
18.83,1.24022266245625
18.84,1.24522211194738
18.85,1.25022203922332
18.86,1.25522194429553
18.87,1.26022132717766
18.88,1.26521968793559
18.89,1.27021652673741
18.9,1.27521134390341
18.91,1.28020363995602
18.92,1.28519291566981
18.93,1.29017867212135
18.94,1.29516041073917
18.95,1.30013763335355
18.96,1.30510984224637
18.97,1.31007654020089
18.98,1.31503723055146
18.99,1.31999141723317
19,1.32493860483148
19.01,1.32987829863175
19.02,1.33481000466873
19.03,1.33973322977592
19.04,1.3446474816349
19.05,1.3495522688246
19.06,1.35444710087037
19.07,1.3593314882931
19.08,1.3642049426581
19.09,1.36906697662401
19.1,1.37391710399148
19.11,1.37875483975181
19.12,1.38357970013547
19.13,1.38839120266042
19.14,1.39318886618044
19.15,1.39797221093316
19.16,1.4027407585881
19.17,1.40749403229446
19.18,1.41223155672884
19.19,1.41695285814274
19.2,1.42165746440995
19.21,1.42634490507377
19.22,1.43101471139403
19.23,1.435666416394
19.24,1.44029955490705
19.25,1.44491366362319
19.26,1.4495082811354
19.27,1.45408294798575
19.28,1.45863720671137
19.29,1.46317060189018
19.3,1.46768268018645
19.31,1.4721729903961
19.32,1.47664108349185
19.33,1.48108651266812
19.34,1.48550883338569
19.35,1.48990760341619
19.36,1.49428238288626
19.37,1.49863273432161
19.38,1.50295822269073
19.39,1.50725841544837
19.4,1.51153288257885
19.41,1.51578119663901
19.42,1.520002932801
19.43,1.5241976688947
19.44,1.52836498545002
19.45,1.53250446573876
19.46,1.53661569581634
19.47,1.54069826456319
19.48,1.54475176372583
19.49,1.54877578795772
19.5,1.5527699348598
19.51,1.5567338050207
19.52,1.5606670020567
19.53,1.56456913265139
19.54,1.56843980659496
19.55,1.57227863682323
19.56,1.57608523945638
19.57,1.57985923383732
19.58,1.58360024256977
19.59,1.58730789155595
19.6,1.59098181003407
19.61,1.59462163061533
19.62,1.59822698932072
19.63,1.60179752561736
19.64,1.60533288245461
19.65,1.60883270629971
19.66,1.61229664717322
19.67,1.61572435868392
19.68,1.61911549806352
19.69,1.62246972620091
19.7,1.62578670767607
19.71,1.62906611079362
19.72,1.63230760761598
19.73,1.63551087399616
19.74,1.6386755896102
19.75,1.64180143798918
19.76,1.64488810655085
19.77,1.64793528663095
19.78,1.65094267351399
19.79,1.6539099664638
19.8,1.65683686875355
19.81,1.65972308769546
19.82,1.66256833467003
19.83,1.66537232515494
19.84,1.66813477875348
19.85,1.67085541922259
19.86,1.67353397450049
19.87,1.67617017673388
19.88,1.67876376230473
19.89,1.68131447185666
19.9,1.68382205032083
19.91,1.68628624694149
19.92,1.68870681530102
19.93,1.69108351334461
19.94,1.69341610340444
19.95,1.69570435222343
19.96,1.69794803097863
19.97,1.70014691530401
19.98,1.70230078531298
19.99,1.70440942562034
20,1.70647262536381
20.01,1.70849017822514
20.02,1.71046188245072
20.03,1.71238754087177
20.04,1.71426696092405
20.05,1.71609995466713
20.06,1.71788633880316
20.07,1.71962593469521
20.08,1.72131856838515
20.09,1.72296407061101
20.1,1.72456227682395
20.11,1.72611302720467
20.12,1.72761616667943
20.13,1.72907154493553
20.14,1.73047901643637
20.15,1.73183844043596
20.16,1.73314968099303
20.17,1.73441260698464
20.18,1.73562709211921
20.19,1.73679301494927
20.2,1.73791025888349
20.21,1.73897871219841
20.22,1.73999826804959
20.23,1.7409688244823
20.24,1.7418902844417
20.25,1.74276255578256
20.26,1.74358555127848
20.27,1.74435918863059
20.28,1.7450833904758
20.29,1.74575808439453
20.3,1.74638320291795
20.31,1.74695868353474
20.32,1.7474844686973
20.33,1.74796050582755
20.34,1.7483867473222
20.35,1.74876315055743
20.36,1.74908967789324
20.37,1.74936629667716
20.38,1.74959297924756
20.39,1.74976970293636
20.4,1.74989645007133
20.41,1.74997320797788
20.42,1.74999996898028
20.43,1.74997673040244
20.44,1.74990349456821
20.45,1.7497802688011
20.46,1.7496070654236
20.47,1.74938390175589
20.48,1.74911080011416
20.49,1.74878778780834
20.5,1.7484148971394
20.51,1.74799216539609
20.52,1.74751963485123
20.53,1.74699735275748
20.54,1.74642537134262
20.55,1.74580374780431
20.56,1.74513254430439
20.57,1.74441182796265
20.58,1.74364167085012
20.59,1.74282214998187
20.6,1.74195334730931
20.61,1.74103534971198
20.62,1.74006824898887
20.63,1.73905214184925
20.64,1.73798712990298
20.65,1.73687331965038
20.66,1.73571082247155
20.67,1.73449975461522
20.68,1.73324023718718
20.69,1.73193239613812
20.7,1.73057636225106
20.71,1.72917227112825
20.72,1.72772026317763
20.73,1.7262204835988
20.74,1.72467308236846
20.75,1.72307821422544
20.76,1.72143603865522
20.77,1.71974671987401
20.78,1.71801042681226
20.79,1.71622733309783
20.8,1.71439761703862
20.81,1.7125214616047
20.82,1.71059905441005
20.83,1.7086305876938
20.84,1.70661625830096
20.85,1.70455626766281
20.86,1.70245082177669
20.87,1.70030013118543
20.88,1.6981044109563
20.89,1.69586388065949
20.9,1.69357876434618
20.91,1.69124929052607
20.92,1.68887569214462
20.93,1.68645820655968
20.94,1.6839970755178
20.95,1.68149254513003
20.96,1.67894486584732
20.97,1.67635429243548
20.98,1.67372108394969
20.99,1.67104550370861
21,1.66832781926803
21.01,1.66556830239412
21.02,1.66276722903628
21.03,1.65992487929951
21.04,1.65704153741642
21.05,1.65411749171878
21.06,1.65115303460873
21.07,1.64814846252951
21.08,1.64510407593583
21.09,1.64202017926381
21.1,1.63889708090055
21.11,1.63573509315327
21.12,1.63253453221813
21.13,1.62929571814854
21.14,1.62601897482321
21.15,1.62270462991375
21.16,1.61935301485189
21.17,1.61596446479633
21.18,1.61253931859926
21.19,1.60907791877245
21.2,1.60558061145299
21.21,1.6020477463687
21.22,1.59847967680315
21.23,1.59487675956032
21.24,1.59123935492892
21.25,1.5875678266464
21.26,1.58386254186252
21.27,1.58012387110267
21.28,1.57635218823081
21.29,1.57254787041209
21.3,1.56871129807512
21.31,1.56484285487393
21.32,1.56094292764962
21.33,1.55701190639167
21.34,1.55305018419892
21.35,1.54905815724029
21.36,1.54503622471515
21.37,1.5409847888134
21.38,1.53690425467525
21.39,1.53279503035073
21.4,1.52865752675883
21.41,1.52449215764647
21.42,1.52029933954709
21.43,1.516079491739
21.44,1.51183303620347
21.45,1.50756039758251
21.46,1.50326200313643
21.47,1.49893828270108
21.48,1.49458966864492
21.49,1.49021659582571
21.5,1.4858195015471
21.51,1.48139882551485
21.52,1.47695500979288
21.53,1.47248849875906
21.54,1.46799973906077
21.55,1.46348917957024
21.56,1.45895727133966
21.57,1.45440446755608
21.58,1.44983122349607
21.59,1.44523799648025
21.6,1.44062524582747
21.61,1.43599343280897
21.62,1.43134302060217
21.63,1.42667447424444
21.64,1.42198826058651
21.65,1.41728484824584
21.66,1.41256470755976
21.67,1.40782831053838
21.68,1.40307613081748
21.69,1.39830864361106
21.7,1.39352632566386
21.71,1.38872965520371
21.72,1.38391911189364
21.73,1.37909517678398
21.74,1.37425833226423
21.75,1.36940906201479
21.76,1.36454785095866
21.77,1.35967518521289
21.78,1.35479155204
21.79,1.34989743979922
21.8,1.34499333789772
21.81,1.34007973674158
21.82,1.33515712768684
21.83,1.3302260029903
21.84,1.32528685576031
21.85,1.32034017990748
21.86,1.31538647009527
21.87,1.31042622169055
21.88,1.30545993071401
21.89,1.30048809379062
21.9,1.29551120809992
21.91,1.29052977132634
21.92,1.2855442816094
21.93,1.28055523749392
21.94,1.27556313788015
21.95,1.2705684819739
21.96,1.26557176923659
21.97,1.26057349933533
21.98,1.25557417209295
21.99,1.25057428743801
22,1.2455743453548
22.01,1.24057484583337
22.02,1.2355762888195
22.03,1.23057917416472
22.04,1.22558400157635
22.05,1.22059127056748
22.06,1.21560148040703
22.07,1.21061513006989
22.08,1.20563271818691
22.09,1.20065474299515
22.1,1.19568170228796
22.11,1.19071409336528
22.12,1.18575241298386
22.13,1.1807971573076
22.14,1.17584882185794
22.15,1.17090790146431
22.16,1.16597489021461
22.17,1.16105028140588
22.18,1.15613456749488
22.19,1.15122824004891
22.2,1.14633178969662
22.21,1.14144570607898
22.22,1.13657047780026
22.23,1.13170659237924
22.24,1.12685453620041
22.25,1.12201479446533
22.26,1.11718785114416
22.27,1.11237418892719
22.28,1.10757428917664
22.29,1.10278863187849
22.3,1.09801769559448
22.31,1.09326195741425
22.32,1.08852189290767
22.33,1.08379797607723
22.34,1.07909067931068
22.35,1.07440047333378
22.36,1.06972782716321
22.37,1.0650732080597
22.38,1.06043708148128
22.39,1.05581991103674
22.4,1.05122215843928
22.41,1.04664428346033
22.42,1.04208674388357
22.43,1.03754999545917
22.44,1.03303449185817
22.45,1.02854068462719
22.46,1.02406902314319
22.47,1.01961995456861
22.48,1.01519392380658
22.49,1.01079137345651
22.5,1.00641274376975
22.51,1.00205847260562
22.52,0.997728995387612
22.53,0.993424745059842
22.54,0.989146152043756
22.55,0.984893644195088
22.56,0.980667646761076
22.57,0.976468582337948
22.58,0.972296870828643
22.59,0.968152929400837
22.6,0.964037172445218
22.61,0.959950011534055
22.62,0.955891855380031
22.63,0.951863109795378
22.64,0.947864177651299
22.65,0.943895458837677
22.66,0.939957350223084
22.67,0.9360502456151
22.68,0.932174535720932
22.69,0.928330608108339
22.7,0.924518847166877
22.71,0.920739634069464
22.72,0.916993346734263
22.73,0.913280359786883
22.74,0.909601044522925
22.75,0.905955768870851
22.76,0.902344897355188
22.77,0.898768791060077
22.78,0.895227807593167
22.79,0.891722301049857
22.8,0.888252621977879
22.81,0.884819117342245
22.82,0.881422130490563
22.83,0.878062001118684
22.84,0.874739065236745
22.85,0.871453655135566
22.86,0.868206099353421
22.87,0.864996722643179
22.88,0.861825845939837
22.89,0.858693786328424
22.9,0.855600857012292
22.91,0.852547367281792
22.92,0.849533622483355
22.93,0.84655992398895
22.94,0.843626569165947
22.95,0.840733851347382
22.96,0.83788205980263
22.97,0.835071479708467
22.98,0.83230239212056
22.99,0.82957507394536
23,0.826889797912415
23.01,0.824246832547087
23.02,0.82164644214371
23.03,0.819088886739159
23.04,0.816574422086844
23.05,0.814103299631133
23.06,0.811675766482212
23.07,0.809292065391374
23.08,0.806952434726742
23.09,0.804657108449432
23.1,0.802406316090159
23.11,0.800200282726284
23.12,0.798039228959305
23.13,0.795923370892796
23.14,0.793852920110802
23.15,0.791828083656677
23.16,0.789849064012376
23.17,0.787916059078216
23.18,0.786029262153081
23.19,0.784188861915089
23.2,0.782395042402731
23.21,0.780647982996462
23.22,0.778947858400769
23.23,0.777294838626694
23.24,0.775689088974836
23.25,0.774130770018823
23.26,0.772620037589252
23.27,0.771157042758107
23.28,0.769741931823651
23.29,0.768374846295799
23.3,0.767055922881965
23.31,0.76578529347339
23.32,0.764563085131957
23.33,0.763389420077482
23.34,0.762264415675491
23.35,0.761188184425488
23.36,0.760160833949701
23.37,0.759182466982321
23.38,0.758253181359228
23.39,0.757373070008213
23.4,0.756542220939676
23.41,0.755760717237831
23.42,0.755028637052397
23.43,0.754346053590784
23.44,0.753713035110768
23.45,0.75312964491367
23.46,0.752595941338023
23.47,0.752111977753741
23.48,0.751677802556778
23.49,0.751293459164292
23.5,0.750958986010302
23.51,0.750674416541845
23.52,0.750439779215631
23.53,0.750255097495196
23.54,0.750120389848559
23.55,0.750035669746372
23.56,0.750000945660575
23.57,0.750016221063547
23.58,0.750081494427762
23.59,0.750196759225936
23.6,0.750362003931686
23.61,0.75057721202068
23.62,0.750842361972287
23.63,0.751157427271733
23.64,0.751522376412752
23.65,0.751937172900733
23.66,0.752401775256373
23.67,0.752916137019823
23.68,0.753480206755336
23.69,0.754093928056409
23.7,0.754757239551422
23.71,0.755470074909779
23.72,0.756232362848538
23.73,0.757044027139541
23.74,0.757904986617035
23.75,0.758815155185788
23.76,0.759774441829704
23.77,0.760782750620917
23.78,0.761839980729389
23.79,0.762946026432989
23.8,0.764100777128068
23.81,0.765304117340521
23.82,0.766555926737327
23.83,0.76785608013859
23.84,0.769204447530055
23.85,0.770600894076105
23.86,0.772045280133249
23.87,0.773537461264085
23.88,0.775077288251745
23.89,0.776664607114812
23.9,0.778299259122722
23.91,0.779981080811638
23.92,0.781709904000792
23.93,0.783485555809304
23.94,0.785307858673475
23.95,0.787176630364537
23.96,0.789091684006877
23.97,0.791052828096727
23.98,0.793059866521314
23.99,0.795112598578466
24,0.797210818996688
24.01,0.799354317955687
24.02,0.801542881107355
24.03,0.803776289597199
24.04,0.806054320086231
24.05,0.808376744773301
24.06,0.810743331417875
24.07,0.813153843363262
24.08,0.815608039560275
24.09,0.81810567459134
24.1,0.820646498695035
24.11,0.823230257791067
24.12,0.82585669350568
24.13,0.82852554319749
24.14,0.831236539983754
24.15,0.83398941276705
24.16,0.836783886262396
24.17,0.83961968102477
24.18,0.842496513477058
24.19,0.845414095938414
24.2,0.848372136653023
24.21,0.851370339819277
24.22,0.854408405619359
24.23,0.857486030249221
24.24,0.860602905948964
24.25,0.863758721033615
24.26,0.866953159924295
24.27,0.87018590317978
24.28,0.873456627528436
24.29,0.876765005900553
24.3,0.880110707461053
24.31,0.883493397642566
24.32,0.886912738178894
24.33,0.890368387138832
24.34,0.893859998960365
24.35,0.897387224485219
24.36,0.900949710993781
24.37,0.904547102240371
24.38,0.908179038488858
24.39,0.911845156548649
24.4,0.915545089810988
24.41,0.919278468285636
24.42,0.923044918637855
24.43,0.926844064225747
24.44,0.930675525137921
24.45,0.93453891823148
24.46,0.938433857170332
24.47,0.942359952463828
24.48,0.946316811505714
24.49,0.95030403861338
24.5,0.954321235067438
24.51,0.958367999151591
24.52,0.962443926192804
24.53,0.966548608601769
24.54,0.970681635913663
24.55,0.974842594829203
24.56,0.979031069255962
24.57,0.983246640349989
24.58,0.987488886557687
24.59,0.991757383657972
24.6,0.996051704804689
24.61,1.0003714205693
24.62,1.00471609898384
24.63,1.00908530558407
24.64,1.01347860345298
24.65,1.01789555326445
24.66,1.02233571332717
24.67,1.02679863962884
24.68,1.03128388588054
24.69,1.03579100356139
24.7,1.04031954196338
24.71,1.04486904823645
24.72,1.04943906743374
24.73,1.05402914255716
24.74,1.05863881460302
24.75,1.06326762260794
24.76,1.067915103695
24.77,1.07258079311995
24.78,1.07726422431774
24.79,1.08196492894915
24.8,1.08668243694764
24.81,1.09141627656633
24.82,1.09616597442522
24.83,1.10093105555847
24.84,1.10571104346194
24.85,1.11050546014082
24.86,1.11531382615745
24.87,1.12013566067922
24.88,1.1249704815267
24.89,1.12981780522184
24.9,1.1346771470363
24.91,1.13954802103996
24.92,1.14442994014948
24.93,1.149322416177
24.94,1.154224959879
24.95,1.15913708100521
24.96,1.1640582883476
24.97,1.16898808978953
24.98,1.17392599235498
24.99,1.1788715022578
25,1.18382412495111
25.01,1.18878336517679
25.02,1.19374872701493
25.03,1.1987197139335
25.04,1.20369582883794
25.05,1.20867657412091
25.06,1.21366145171203
25.07,1.2186499631277
25.08,1.22364160952093
25.09,1.22863589173124
25.1,1.23363231033458
25.11,1.23863036569324
25.12,1.24362955800586
25.13,1.24862938735737
25.14,1.253629353769
25.15,1.25862895724828
25.16,1.26362769783903
25.17,1.26862507567134
25.18,1.27362059101162
25.19,1.27861374431247
25.2,1.28360403626274
25.21,1.28859096783738
25.22,1.2935740403474
25.23,1.2985527554897
25.24,1.30352661539691
25.25,1.30849512268718
25.26,1.31345778051393
25.27,1.31841409261551
25.28,1.32336356336485
25.29,1.32830569781898
25.3,1.33324000176858
25.31,1.33816598178737
25.32,1.34308314528146
25.33,1.34799100053858
25.34,1.35288905677732
25.35,1.35777682419611
25.36,1.3626538140223
25.37,1.36751953856096
25.38,1.3723735112437
25.39,1.3772152466773
25.4,1.38204426069223
25.41,1.38686007039114
25.42,1.39166219419706
25.43,1.39645015190161
25.44,1.401223464713
25.45,1.40598165530395
25.46,1.41072424785935
25.47,1.4154507681239
25.48,1.42016074344952
25.49,1.42485370284259
25.5,1.42952917701108
25.51,1.43418669841149
25.52,1.43882580129554
25.53,1.44344602175681
25.54,1.44804689777711
25.55,1.45262796927268
25.56,1.45718877814017
25.57,1.4617288683025
25.58,1.46624778575445
25.59,1.47074507860803
25.6,1.47522029713769
25.61,1.47967299382533
25.62,1.48410272340498
25.63,1.48850904290737
25.64,1.49289151170423
25.65,1.49724969155233
25.66,1.50158314663731
25.67,1.50589144361729
25.68,1.51017415166614
25.69,1.51443084251663
25.7,1.51866109050324
25.71,1.52286447260467
25.72,1.52704056848623
25.73,1.53118896054181
25.74,1.53530923393566
25.75,1.53940097664388
25.76,1.54346377949559
25.77,1.54749723621391
25.78,1.55150094345652
25.79,1.55547450085603
25.8,1.55941751106002
25.81,1.56332957977075
25.82,1.56721031578461
25.83,1.57105933103123
25.84,1.5748762406123
25.85,1.57866066284004
25.86,1.58241221927537
25.87,1.58613053476579
25.88,1.58981523748284
25.89,1.59346595895932
25.9,1.59708233412612
25.91,1.60066400134875
25.92,1.60421060246346
25.93,1.60772178281309
25.94,1.61119719128255
25.95,1.61463648033387
25.96,1.61803930604103
25.97,1.62140532812428
25.98,1.62473420998422
25.99,1.62802561873544
26,1.6312792252398
26.01,1.63449470413937
26.02,1.63767173388894
26.03,1.64080999678819
26.04,1.64390917901342
26.05,1.64696897064901
26.06,1.64998906571834
26.07,1.65296916221443
26.08,1.65590896213009
26.09,1.65880817148781
26.1,1.66166650036904
26.11,1.66448366294329
26.12,1.66725937749665
26.13,1.66999336645998
26.14,1.67268535643665
26.15,1.67533507822992
26.16,1.6779422668698
26.17,1.68050666163962
26.18,1.68302800610203
26.19,1.68550604812468
26.2,1.68794053990544
26.21,1.69033123799717
26.22,1.69267790333203
26.23,1.69498030124545
26.24,1.69723820149957
26.25,1.69945137830623
26.26,1.70161961034961
26.27,1.7037426808083
26.28,1.70582037737702
26.29,1.70785249228786
26.3,1.70983882233101
26.31,1.71177916887512
26.32,1.71367333788717
26.33,1.71552113995181
26.34,1.7173223902904
26.35,1.71907690877939
26.36,1.7207845199684
26.37,1.72244505309773
26.38,1.72405834211545
26.39,1.72562422569401
26.4,1.72714254724635
26.41,1.72861315494158
26.42,1.73003590172017
26.43,1.73141064530861
26.44,1.73273724823369
26.45,1.73401557783623
26.46,1.73524550628433
26.47,1.73642691058617
26.48,1.73755967260231
26.49,1.73864367905749
26.5,1.73967882155196
26.51,1.74066499657234
26.52,1.74160210550195
26.53,1.74249005463068
26.54,1.74332875516435
26.55,1.74411812323361
26.56,1.74485807990231
26.57,1.7455485511754
26.58,1.74618946800633
26.59,1.74678076630395
26.6,1.74732238693892
26.61,1.74781427574963
26.62,1.74825638354761
26.63,1.74864866612245
26.64,1.74899108424621
26.65,1.74928360367737
26.66,1.74952619516424
26.67,1.74971883444786
26.68,1.74986150226446
26.69,1.74995418434739
26.7,1.74999687142851
26.71,1.74998955923915
26.72,1.74993224851052
26.73,1.74982494497365
26.74,1.74966765935881
26.75,1.74946040739441
26.76,1.74920320980549
26.77,1.7488960923116
26.78,1.74853908562421
26.79,1.74813222544371
26.8,1.74767555245578
26.81,1.74716911232733
26.82,1.74661295570195
26.83,1.74600713819485
26.84,1.74535172038726
26.85,1.74464676782042
26.86,1.74389235098901
26.87,1.74308854533408
26.88,1.74223543123552
26.89,1.74133309400403
26.9,1.74038162387258
26.91,1.73938111598739
26.92,1.73833167039842
26.93,1.73723339204936
26.94,1.73608639076711
26.95,1.73489078125086
26.96,1.73364668306056
26.97,1.73235422060499
26.98,1.73101352312932
26.99,1.72962472470218
27,1.72818796420225
27.01,1.7267033853044
27.02,1.72517113646526
27.03,1.72359137090845
27.04,1.72196424660921
27.05,1.72028992627862
27.06,1.7185685773473
27.07,1.71680037194872
27.08,1.71498548690194
27.09,1.71312410369396
27.1,1.71121640846154
27.11,1.70926259197263
27.12,1.70726284960723
27.13,1.70521738133793
27.14,1.70312639170984
27.15,1.70099008982018
27.16,1.69880868929736
27.17,1.69658240827962
27.18,1.6943114693932
27.19,1.69199609973011
27.2,1.68963653082536
27.21,1.6872329986339
27.22,1.68478574350693
27.23,1.68229501016794
27.24,1.67976104768817
27.25,1.67718410946176
27.26,1.6745644531804
27.27,1.67190234080751
27.28,1.66919803855214
27.29,1.66645181684223
27.3,1.66366395029769
27.31,1.66083471770283
27.32,1.65796440197857
27.33,1.65505329015408
27.34,1.65210167333811
27.35,1.64910984668989
27.36,1.6460781093896
27.37,1.64300676460843
27.38,1.63989611947831
27.39,1.63674648506114
27.4,1.63355817631777
27.41,1.63033151207638
27.42,1.62706681500074
27.43,1.62376441155781
27.44,1.6204246319852
27.45,1.61704781025808
27.46,1.6136342840558
27.47,1.61018439472814
27.48,1.60669848726117
27.49,1.60317691024271
27.5,1.59962001582755
27.51,1.59602815970215
27.52,1.59240170104914
27.53,1.58874100251135
27.54,1.5850464301556
27.55,1.58131835343604
27.56,1.57755714515723
27.57,1.57376318143686
27.58,1.56993684166816
27.59,1.5660785084819
27.6,1.5621885677082
27.61,1.55826740833787
27.62,1.55431542248361
27.63,1.55033300534069
27.64,1.54632055514751
27.65,1.54227847314575
27.66,1.53820716354024
27.67,1.53410703345855
27.68,1.52997849291027
27.69,1.52582195474601
27.7,1.52163783461612
27.71,1.51742655092914
27.72,1.51318852480993
27.73,1.50892418005755
27.74,1.50463394310294
27.75,1.50031824296621
27.76,1.49597751121378
27.77,1.49161218191521
27.78,1.48722269159979
27.79,1.4828094792129
27.8,1.4783729860721
27.81,1.47391365582299
27.82,1.4694319343949
27.83,1.46492826995623
27.84,1.46040311286967
27.85,1.45585691564716
27.86,1.45129013290463
27.87,1.44670322131655
27.88,1.44209663957026
27.89,1.43747084832009
27.9,1.43282631014131
27.91,1.42816348948387
27.92,1.42348285262596
27.93,1.41878486762735
27.94,1.41407000428263
27.95,1.40933873407421
27.96,1.40459153012516
27.97,1.39982886715193
27.98,1.39505122141684
27.99,1.39025907068048
28,1.38545289415393
28.01,1.38063317245085
28.02,1.37580038753939
28.03,1.370955022694
28.04,1.36609756244714
28.05,1.36122849254078
28.06,1.35634829987786
28.07,1.35145747247357
28.08,1.34655649940658
28.09,1.34164587077012
28.1,1.33672607762295
28.11,1.33179761194029
28.12,1.3268609665646
28.13,1.3219166351563
28.14,1.31696511214442
28.15,1.31200689267713
28.16,1.30704247257224
28.17,1.30207234826763
28.18,1.29709701677159
28.19,1.29211697561312
28.2,1.28713272279218
28.21,1.28214475672991
28.22,1.27715357621875
28.23,1.2721596803726
28.24,1.26716356857688
28.25,1.2621657404386
28.26,1.25716669573642
28.27,1.25216693437063
28.28,1.24716695631322
28.29,1.24216726155781
28.3,1.23716835006972
28.31,1.23217072173593
28.32,1.22717487631511
28.33,1.22218131338763
28.34,1.21719053230564
28.35,1.21220303214307
28.36,1.20721931164579
28.37,1.2022398691817
28.38,1.19726520269089
28.39,1.19229580963586
28.4,1.18733218695179
28.41,1.18237483099679
28.42,1.17742423750234
28.43,1.17248090152366
28.44,1.16754531739023
28.45,1.16261797865635
28.46,1.15769937805179
28.47,1.1527900074325
28.48,1.14789035773146
28.49,1.14300091890956
28.5,1.1381221799066
28.51,1.13325462859242
28.52,1.12839875171809
28.53,1.12355503486726
28.54,1.11872396240757
28.55,1.11390601744224
28.56,1.10910168176176
28.57,1.10431143579569
28.58,1.09953575856463
28.59,1.09477512763232
28.6,1.0900300190579
28.61,1.08530090734827
28.62,1.08058826541065
28.63,1.07589256450532
28.64,1.07121427419844
28.65,1.06655386231516
28.66,1.06191179489278
28.67,1.05728853613416
28.68,1.05268454836134
28.69,1.04810029196926
28.7,1.04353622537973
28.71,1.03899280499561
28.72,1.03447048515515
28.73,1.02996971808657
28.74,1.02549095386282
28.75,1.02103464035659
28.76,1.01660122319553
28.77,1.01219114571765
28.78,1.00780484892702
28.79,1.00344277144967
28.8,0.999105349489713
28.81,0.994793016785729
28.82,0.990506204567393
28.83,0.986245341512358
28.84,0.982010853703376
28.85,0.977803164585699
28.86,0.973622694924736
28.87,0.969469862763965
28.88,0.965345083383144
28.89,0.961248769256772
28.9,0.957181330012851
28.91,0.953143172391912
28.92,0.949134700206355
28.93,0.945156314300058
28.94,0.941208412508293
28.95,0.937291389617954
28.96,0.933405637328062
28.97,0.929551544210611
28.98,0.925729495671698
28.99,0.921939873912995
29,0.918183057893516
29.01,0.914459423291736
29.02,0.91076934246801
29.03,0.907113184427345
29.04,0.903491314782501
29.05,0.899904095717422
29.06,0.896351885951026
29.07,0.892835040701328
29.08,0.889353911649924
29.09,0.885908846906817
29.1,0.882500190975611
29.11,0.87912828471906
29.12,0.875793465324977
29.13,0.872496066272525
29.14,0.869236417298859
29.15,0.866014844366162
29.16,0.862831669629041
29.17,0.859687211402318
29.18,0.856581784129196
29.19,0.853515698349813
29.2,0.850489260670193
29.21,0.847502773731581
29.22,0.844556536180183
29.23,0.841650842637298
29.24,0.838785983669861
29.25,0.835962245761378
29.26,0.833179911283289
29.27,0.830439258466723
29.28,0.827740561374677
29.29,0.825084089874613
29.3,0.822470109611465
29.31,0.819898881981083
29.32,0.817370664104086
29.33,0.814885708800156
29.34,0.812444264562751
29.35,0.810046575534261
29.36,0.807692881481592
29.37,0.805383417772185
29.38,0.80311841535049
29.39,0.800898100714859
29.4,0.798722695894907
29.41,0.796592418429302
29.42,0.794507481344015
29.43,0.792468093131019
29.44,0.790474457727433
29.45,0.788526774495139
29.46,0.786625238200835
29.47,0.784770038996567
29.48,0.782961362400709
29.49,0.781199389279413
29.5,0.779484295828523
29.51,0.777816253555956
29.52,0.776195429264547
29.53,0.774621985035376
29.54,0.773096078211555
29.55,0.771617861382494
29.56,0.770187482368645
29.57,0.768805084206716
29.58,0.767470805135372
29.59,0.766184778581408
29.6,0.764947133146407
29.61,0.763757992593883
29.62,0.762617475836899
29.63,0.761525696926181
29.64,0.76048276503871
29.65,0.759488784466805
29.66,0.758543854607695
29.67,0.757648069953579
29.68,0.756801520082176
29.69,0.756004289647767
29.7,0.755256458372732
29.71,0.754558101039575
29.72,0.753909287483447
29.73,0.753310082585163
29.74,0.752760546264713
29.75,0.752260733475272
29.76,0.751810694197703
29.77,0.751410473435557
29.78,0.751060111210578
29.79,0.750759642558696
29.8,0.750509097526525
29.81,0.750308501168361
29.82,0.750157873543672
29.83,0.750057229715095
29.84,0.750006579746929
29.85,0.750005928704129
29.86,0.750055276651797
29.87,0.750154618655181
29.88,0.750303944780164
29.89,0.750503240094256
29.9,0.750752484668093
29.91,0.751051653577425
29.92,0.75140071690561
29.93,0.751799639746606
29.94,0.752248382208463
29.95,0.752746899417307
29.96,0.753295141521833
29.97,0.753893053698287
29.98,0.754540576155951
29.99,0.755237644143117
30,0.755984187953569
30.01,0.756780132933547
30.02,0.757625399489216
30.03,0.758519903094626
30.04,0.75946355430016
30.05,0.760456258741486
30.06,0.761497917148986
30.07,0.762588425357687
30.08,0.763727674317677
30.09,0.76491555010501
30.1,0.766151933933097
30.11,0.767436702164585
30.12,0.768769726323723
30.13,0.770150873109203
30.14,0.7715800044075
30.15,0.773056977306674
30.16,0.774581644110666
30.17,0.776153852354067
30.18,0.777773444817361
30.19,0.779440259542654
30.2,0.781154129849859
30.21,0.782914884353377
30.22,0.784722346979223
30.23,0.786576336982641
30.24,0.788476668966175
30.25,0.790423152898211
30.26,0.792415594131979
30.27,0.794453793425013
30.28,0.796537546959085
30.29,0.798666646360576
30.3,0.800840878721323
30.31,0.803060026619898
30.32,0.805323868143363
30.33,0.807632176909451
30.34,0.80998472208921
30.35,0.812381268430082
30.36,0.814821576279429
30.37,0.817305401608502
30.38,0.819832496036835
30.39,0.822402606857094
30.4,0.825015477060336
30.41,0.82767084536172
30.42,0.830368446226629
30.43,0.833108009897222
30.44,0.835889262419417
30.45,0.838711925670279
30.46,0.841575717385835
30.47,0.8444803511893
30.48,0.847425536619714
30.49,0.850410979160988
30.5,0.853436380271357
30.51,0.856501437413231
30.52,0.859605844083448
30.53,0.86274928984393
30.54,0.865931460352718
30.55,0.869152037395417
30.56,0.872410698917003
30.57,0.875707119054041
30.58,0.879040968167263
30.59,0.882411912874538
30.6,0.885819616084203
30.61,0.889263737028776
30.62,0.892743931299035
30.63,0.89625985087845
30.64,0.899811144177996
30.65,0.9033974560713
30.66,0.907018427930164
30.67,0.910673697660418
30.68,0.914362899738133
30.69,0.918085665246179
30.7,0.921841621911105
30.71,0.925630394140377
30.72,0.929451603059926
30.73,0.933304866552047
30.74,0.937189799293601
30.75,0.941106012794552
30.76,0.945053115436813
30.77,0.949030712513407
30.78,0.953038406267945
30.79,0.957075795934387
30.8,0.961142477777134
30.81,0.965238045131389
30.82,0.96936208844383
30.83,0.973514195313562
30.84,0.97769395053336
30.85,0.981900936131184
30.86,0.986134731411978
30.87,0.990394912999745
30.88,0.994681054879874
30.89,0.998992728441751
30.9,1.00332950252161
30.91,1.00769094344566
30.92,1.01207661507344
30.93,1.01648607884145
30.94,1.02091889380698
30.95,1.02537461669222
30.96,1.02985280192861
30.97,1.03435300170136
30.98,1.03887476599422
30.99,1.04341764263455
31,1.04798117733847
31.01,1.0525649137563
31.02,1.05716839351823
31.03,1.06179115628011
31.04,1.06643273976953
31.05,1.071092679832
31.06,1.07577051047739
31.07,1.08046576392655
31.08,1.08517797065803
31.09,1.0899066594551
31.1,1.09465135745281
31.11,1.09941159018532
31.12,1.10418688163333
31.13,1.10897675427165
31.14,1.11378072911704
31.15,1.11859832577599
31.16,1.12342906249287
31.17,1.12827245619802
31.18,1.13312802255611
31.19,1.13799527601455
31.2,1.14287372985206
31.21,1.1477628962273
31.22,1.15266228622773
31.23,1.15757140991842
31.24,1.1624897763911
31.25,1.16741689381321
31.26,1.17235226947712
31.27,1.17729540984938
31.28,1.18224582062006
31.29,1.18720300675223
31.3,1.19216647253138
31.31,1.19713572161509
31.32,1.20211025708258
31.33,1.20708958148446
31.34,1.21207319689243
31.35,1.21706060494911
31.36,1.22205130691784
31.37,1.22704480373258
31.38,1.23204059604783
31.39,1.23703818428851
31.4,1.24203706869995
31.41,1.24703674939789
31.42,1.25203672641842
31.43,1.257036499768
31.44,1.26203556947348
31.45,1.26703343563203
31.46,1.27202959846122
31.47,1.27702355834891
31.48,1.2820148159033
31.49,1.28700287200277
31.5,1.29198722784587
31.51,1.29696738500119
31.52,1.30194284545713
31.53,1.30691311167182
31.54,1.31187768662277
31.55,1.31683607385663
31.56,1.32178777753879
31.57,1.32673230250302
31.58,1.33166915430095
31.59,1.3365978392515
31.6,1.34151786449029
31.61,1.3464287380189
31.62,1.35132996875406
31.63,1.35622106657679
31.64,1.36110154238138
31.65,1.36597090812432
31.66,1.37082867687308
31.67,1.37567436285485
31.68,1.38050748150506
31.69,1.38532754951587
31.7,1.39013408488451
31.71,1.39492660696144
31.72,1.39970463649844
31.73,1.40446769569654
31.74,1.4092153082538
31.75,1.41394699941291
31.76,1.41866229600871
31.77,1.42336072651545
31.78,1.42804182109401
31.79,1.43270511163882
31.8,1.43735013182473
31.81,1.44197641715358
31.82,1.44658350500069
31.83,1.45117093466112
31.84,1.45573824739573
31.85,1.46028498647705
31.86,1.46481069723495
31.87,1.46931492710215
31.88,1.47379722565939
31.89,1.47825714468056
31.9,1.48269423817748
31.91,1.48710806244449
31.92,1.49149817610285
31.93,1.49586414014484
31.94,1.50020551797771
31.95,1.50452187546728
31.96,1.50881278098141
31.97,1.51307780543311
31.98,1.5173165223235
31.99,1.52152850778443
32,1.52571334062085
