t,square
0,1.75
0.01,1.75
0.02,1.75
0.03,1.75
0.04,1.75
0.05,1.75
0.06,1.75
0.07,1.75
0.08,1.75
0.09,1.75
0.1,1.75
0.11,1.75
0.12,1.75
0.13,1.75
0.14,1.75
0.15,1.75
0.16,1.75
0.17,1.75
0.18,1.75
0.19,1.75
0.2,1.75
0.21,1.75
0.22,1.75
0.23,1.75
0.24,1.75
0.25,1.75
0.26,1.75
0.27,1.75
0.28,1.75
0.29,1.75
0.3,1.75
0.31,1.75
0.32,1.75
0.33,1.75
0.34,1.75
0.35,1.75
0.36,1.75
0.37,1.75
0.38,1.75
0.39,1.75
0.4,1.75
0.41,1.75
0.42,1.75
0.43,1.75
0.44,1.75
0.45,1.75
0.46,1.75
0.47,1.75
0.48,1.75
0.49,1.75
0.5,1.75
0.51,1.75
0.52,1.75
0.53,1.75
0.54,1.75
0.55,1.75
0.56,1.75
0.57,1.75
0.58,1.75
0.59,1.75
0.6,1.75
0.61,1.75
0.62,1.75
0.63,1.75
0.64,1.75
0.65,1.75
0.66,1.75
0.67,1.75
0.68,1.75
0.69,1.75
0.7,1.75
0.71,1.75
0.72,1.75
0.73,1.75
0.74,1.75
0.75,1.75
0.76,1.75
0.77,1.75
0.78,1.75
0.79,1.75
0.8,1.75
0.81,1.75
0.82,1.75
0.83,1.75
0.84,1.75
0.85,1.75
0.86,1.75
0.87,1.75
0.88,1.75
0.89,1.75
0.9,1.75
0.91,1.75
0.92,1.75
0.93,1.75
0.94,1.75
0.95,1.75
0.96,1.75
0.97,1.75
0.98,1.75
0.99,1.75
1,1.75
1.01,1.75
1.02,1.75
1.03,1.75
1.04,1.75
1.05,1.75
1.06,1.75
1.07,1.75
1.08,1.75
1.09,1.75
1.1,1.75
1.11,1.75
1.12,1.75
1.13,1.75
1.14,1.75
1.15,1.75
1.16,1.75
1.17,1.75
1.18,1.75
1.19,1.75
1.2,1.75
1.21,1.75
1.22,1.75
1.23,1.75
1.24,1.75
1.25,1.75
1.26,1.75
1.27,1.75
1.28,1.75
1.29,1.75
1.3,1.75
1.31,1.75
1.32,1.75
1.33,1.75
1.34,1.75
1.35,1.75
1.36,1.75
1.37,1.75
1.38,1.75
1.39,1.75
1.4,1.75
1.41,1.75
1.42,1.75
1.43,1.75
1.44,1.75
1.45,1.75
1.46,1.75
1.47,1.75
1.48,1.75
1.49,1.75
1.5,1.75
1.51,1.75
1.52,1.75
1.53,1.75
1.54,1.75
1.55,1.75
1.56,1.75
1.57,1.75
1.58,1.75
1.59,1.75
1.6,1.75
1.61,1.75
1.62,1.75
1.63,1.75
1.64,1.75
1.65,1.75
1.66,1.75
1.67,1.75
1.68,1.75
1.69,1.75
1.7,1.75
1.71,1.75
1.72,1.75
1.73,1.75
1.74,1.75
1.75,1.75
1.76,1.75
1.77,1.75
1.78,1.75
1.79,1.75
1.8,1.75
1.81,1.75
1.82,1.75
1.83,1.75
1.84,1.75
1.85,1.75
1.86,1.75
1.87,1.75
1.88,1.75
1.89,1.75
1.9,1.75
1.91,1.75
1.92,1.75
1.93,1.75
1.94,1.75
1.95,1.75
1.96,1.75
1.97,1.75
1.98,1.75
1.99,1.75
2,1.75
2.01,1.75
2.02,1.75
2.03,1.75
2.04,1.75
2.05,1.75
2.06,1.75
2.07,1.75
2.08,1.75
2.09,1.75
2.1,1.75
2.11,1.75
2.12,1.75
2.13,1.75
2.14,1.75
2.15,1.75
2.16,1.75
2.17,1.75
2.18,1.75
2.19,1.75
2.2,1.75
2.21,1.75
2.22,1.75
2.23,1.75
2.24,1.75
2.25,1.75
2.26,1.75
2.27,1.75
2.28,1.75
2.29,1.75
2.3,1.75
2.31,1.75
2.32,1.75
2.33,1.75
2.34,1.75
2.35,1.75
2.36,1.75
2.37,1.75
2.38,1.75
2.39,1.75
2.4,1.75
2.41,1.75
2.42,1.75
2.43,1.75
2.44,1.75
2.45,1.75
2.46,1.75
2.47,1.75
2.48,1.75
2.49,1.75
2.5,1.75
2.51,1.75
2.52,1.75
2.53,1.75
2.54,1.75
2.55,1.75
2.56,1.75
2.57,1.75
2.58,1.75
2.59,1.75
2.6,1.75
2.61,1.75
2.62,1.75
2.63,1.75
2.64,1.75
2.65,1.75
2.66,1.75
2.67,1.75
2.68,1.75
2.69,1.75
2.7,1.75
2.71,1.75
2.72,1.75
2.73,1.75
2.74,1.75
2.75,1.75
2.76,1.75
2.77,1.75
2.78,1.75
2.79,1.75
2.8,1.75
2.81,1.75
2.82,1.75
2.83,1.75
2.84,1.75
2.85,1.75
2.86,1.75
2.87,1.75
2.88,1.75
2.89,1.75
2.9,1.75
2.91,1.75
2.92,1.75
2.93,1.75
2.94,1.75
2.95,1.75
2.96,1.75
2.97,1.75
2.98,1.75
2.99,1.75
3,1.75
3.01,1.75
3.02,1.75
3.03,1.75
3.04,1.75
3.05,1.75
3.06,1.75
3.07,1.75
3.08,1.75
3.09,1.75
3.1,1.75
3.11,1.75
3.12,1.75
3.13,1.75
3.14,1.75
3.15,0.75
3.16,0.75
3.17,0.75
3.18,0.75
3.19,0.75
3.2,0.75
3.21,0.75
3.22,0.75
3.23,0.75
3.24,0.75
3.25,0.75
3.26,0.75
3.27,0.75
3.28,0.75
3.29,0.75
3.3,0.75
3.31,0.75
3.32,0.75
3.33,0.75
3.34,0.75
3.35,0.75
3.36,0.75
3.37,0.75
3.38,0.75
3.39,0.75
3.4,0.75
3.41,0.75
3.42,0.75
3.43,0.75
3.44,0.75
3.45,0.75
3.46,0.75
3.47,0.75
3.48,0.75
3.49,0.75
3.5,0.75
3.51,0.75
3.52,0.75
3.53,0.75
3.54,0.75
3.55,0.75
3.56,0.75
3.57,0.75
3.58,0.75
3.59,0.75
3.6,0.75
3.61,0.75
3.62,0.75
3.63,0.75
3.64,0.75
3.65,0.75
3.66,0.75
3.67,0.75
3.68,0.75
3.69,0.75
3.7,0.75
3.71,0.75
3.72,0.75
3.73,0.75
3.74,0.75
3.75,0.75
3.76,0.75
3.77,0.75
3.78,0.75
3.79,0.75
3.8,0.75
3.81,0.75
3.82,0.75
3.83,0.75
3.84,0.75
3.85,0.75
3.86,0.75
3.87,0.75
3.88,0.75
3.89,0.75
3.9,0.75
3.91,0.75
3.92,0.75
3.93,0.75
3.94,0.75
3.95,0.75
3.96,0.75
3.97,0.75
3.98,0.75
3.99,0.75
4,0.75
4.01,0.75
4.02,0.75
4.03,0.75
4.04,0.75
4.05,0.75
4.06,0.75
4.07,0.75
4.08,0.75
4.09,0.75
4.1,0.75
4.11,0.75
4.12,0.75
4.13,0.75
4.14,0.75
4.15,0.75
4.16,0.75
4.17,0.75
4.18,0.75
4.19,0.75
4.2,0.75
4.21,0.75
4.22,0.75
4.23,0.75
4.24,0.75
4.25,0.75
4.26,0.75
4.27,0.75
4.28,0.75
4.29,0.75
4.3,0.75
4.31,0.75
4.32,0.75
4.33,0.75
4.34,0.75
4.35,0.75
4.36,0.75
4.37,0.75
4.38,0.75
4.39,0.75
4.4,0.75
4.41,0.75
4.42,0.75
4.43,0.75
4.44,0.75
4.45,0.75
4.46,0.75
4.47,0.75
4.48,0.75
4.49,0.75
4.5,0.75
4.51,0.75
4.52,0.75
4.53,0.75
4.54,0.75
4.55,0.75
4.56,0.75
4.57,0.75
4.58,0.75
4.59,0.75
4.6,0.75
4.61,0.75
4.62,0.75
4.63,0.75
4.64,0.75
4.65,0.75
4.66,0.75
4.67,0.75
4.68,0.75
4.69,0.75
4.7,0.75
4.71,0.75
4.72,0.75
4.73,0.75
4.74,0.75
4.75,0.75
4.76,0.75
4.77,0.75
4.78,0.75
4.79,0.75
4.8,0.75
4.81,0.75
4.82,0.75
4.83,0.75
4.84,0.75
4.85,0.75
4.86,0.75
4.87,0.75
4.88,0.75
4.89,0.75
4.9,0.75
4.91,0.75
4.92,0.75
4.93,0.75
4.94,0.75
4.95,0.75
4.96,0.75
4.97,0.75
4.98,0.75
4.99,0.75
5,0.75
5.01,0.75
5.02,0.75
5.03,0.75
5.04,0.75
5.05,0.75
5.06,0.75
5.07,0.75
5.08,0.75
5.09,0.75
5.1,0.75
5.11,0.75
5.12,0.75
5.13,0.75
5.14,0.75
5.15,0.75
5.16,0.75
5.17,0.75
5.18,0.75
5.19,0.75
5.2,0.75
5.21,0.75
5.22,0.75
5.23,0.75
5.24,0.75
5.25,0.75
5.26,0.75
5.27,0.75
5.28,0.75
5.29,0.75
5.3,0.75
5.31,0.75
5.32,0.75
5.33,0.75
5.34,0.75
5.35,0.75
5.36,0.75
5.37,0.75
5.38,0.75
5.39,0.75
5.4,0.75
5.41,0.75
5.42,0.75
5.43,0.75
5.44,0.75
5.45,0.75
5.46,0.75
5.47,0.75
5.48,0.75
5.49,0.75
5.5,0.75
5.51,0.75
5.52,0.75
5.53,0.75
5.54,0.75
5.55,0.75
5.56,0.75
5.57,0.75
5.58,0.75
5.59,0.75
5.6,0.75
5.61,0.75
5.62,0.75
5.63,0.75
5.64,0.75
5.65,0.75
5.66,0.75
5.67,0.75
5.68,0.75
5.69,0.75
5.7,0.75
5.71,0.75
5.72,0.75
5.73,0.75
5.74,0.75
5.75,0.75
5.76,0.75
5.77,0.75
5.78,0.75
5.79,0.75
5.8,0.75
5.81,0.75
5.82,0.75
5.83,0.75
5.84,0.75
5.85,0.75
5.86,0.75
5.87,0.75
5.88,0.75
5.89,0.75
5.9,0.75
5.91,0.75
5.92,0.75
5.93,0.75
5.94,0.75
5.95,0.75
5.96,0.75
5.97,0.75
5.98,0.75
5.99,0.75
6,0.75
6.01,0.75
6.02,0.75
6.03,0.75
6.04,0.75
6.05,0.75
6.06,0.75
6.07,0.75
6.08,0.75
6.09,0.75
6.1,0.75
6.11,0.75
6.12,0.75
6.13,0.75
6.14,0.75
6.15,0.75
6.16,0.75
6.17,0.75
6.18,0.75
6.19,0.75
6.2,0.75
6.21,0.75
6.22,0.75
6.23,0.75
6.24,0.75
6.25,0.75
6.26,0.75
6.27,0.75
6.28,0.75
6.29,1.75
6.3,1.75
6.31,1.75
6.32,1.75
6.33,1.75
6.34,1.75
6.35,1.75
6.36,1.75
6.37,1.75
6.38,1.75
6.39,1.75
6.4,1.75
6.41,1.75
6.42,1.75
6.43,1.75
6.44,1.75
6.45,1.75
6.46,1.75
6.47,1.75
6.48,1.75
6.49,1.75
6.5,1.75
6.51,1.75
6.52,1.75
6.53,1.75
6.54,1.75
6.55,1.75
6.56,1.75
6.57,1.75
6.58,1.75
6.59,1.75
6.6,1.75
6.61,1.75
6.62,1.75
6.63,1.75
6.64,1.75
6.65,1.75
6.66,1.75
6.67,1.75
6.68,1.75
6.69,1.75
6.7,1.75
6.71,1.75
6.72,1.75
6.73,1.75
6.74,1.75
6.75,1.75
6.76,1.75
6.77,1.75
6.78,1.75
6.79,1.75
6.8,1.75
6.81,1.75
6.82,1.75
6.83,1.75
6.84,1.75
6.85,1.75
6.86,1.75
6.87,1.75
6.88,1.75
6.89,1.75
6.9,1.75
6.91,1.75
6.92,1.75
6.93,1.75
6.94,1.75
6.95,1.75
6.96,1.75
6.97,1.75
6.98,1.75
6.99,1.75
7,1.75
7.01,1.75
7.02,1.75
7.03,1.75
7.04,1.75
7.05,1.75
7.06,1.75
7.07,1.75
7.08,1.75
7.09,1.75
7.1,1.75
7.11,1.75
7.12,1.75
7.13,1.75
7.14,1.75
7.15,1.75
7.16,1.75
7.17,1.75
7.18,1.75
7.19,1.75
7.2,1.75
7.21,1.75
7.22,1.75
7.23,1.75
7.24,1.75
7.25,1.75
7.26,1.75
7.27,1.75
7.28,1.75
7.29,1.75
7.3,1.75
7.31,1.75
7.32,1.75
7.33,1.75
7.34,1.75
7.35,1.75
7.36,1.75
7.37,1.75
7.38,1.75
7.39,1.75
7.4,1.75
7.41,1.75
7.42,1.75
7.43,1.75
7.44,1.75
7.45,1.75
7.46,1.75
7.47,1.75
7.48,1.75
7.49,1.75
7.5,1.75
7.51,1.75
7.52,1.75
7.53,1.75
7.54,1.75
7.55,1.75
7.56,1.75
7.57,1.75
7.58,1.75
7.59,1.75
7.6,1.75
7.61,1.75
7.62,1.75
7.63,1.75
7.64,1.75
7.65,1.75
7.66,1.75
7.67,1.75
7.68,1.75
7.69,1.75
7.7,1.75
7.71,1.75
7.72,1.75
7.73,1.75
7.74,1.75
7.75,1.75
7.76,1.75
7.77,1.75
7.78,1.75
7.79,1.75
7.8,1.75
7.81,1.75
7.82,1.75
7.83,1.75
7.84,1.75
7.85,1.75
7.86,1.75
7.87,1.75
7.88,1.75
7.89,1.75
7.9,1.75
7.91,1.75
7.92,1.75
7.93,1.75
7.94,1.75
7.95,1.75
7.96,1.75
7.97,1.75
7.98,1.75
7.99,1.75
8,1.75
8.01,1.75
8.02,1.75
8.03,1.75
8.04,1.75
8.05,1.75
8.06,1.75
8.07,1.75
8.08,1.75
8.09,1.75
8.1,1.75
8.11,1.75
8.12,1.75
8.13,1.75
8.14,1.75
8.15,1.75
8.16,1.75
8.17,1.75
8.18,1.75
8.19,1.75
8.2,1.75
8.21,1.75
8.22,1.75
8.23,1.75
8.24,1.75
8.25,1.75
8.26,1.75
8.27,1.75
8.28,1.75
8.29,1.75
8.3,1.75
8.31,1.75
8.32,1.75
8.33,1.75
8.34,1.75
8.35,1.75
8.36,1.75
8.37,1.75
8.38,1.75
8.39,1.75
8.4,1.75
8.41,1.75
8.42,1.75
8.43,1.75
8.44,1.75
8.45,1.75
8.46,1.75
8.47,1.75
8.48,1.75
8.49,1.75
8.5,1.75
8.51,1.75
8.52,1.75
8.53,1.75
8.54,1.75
8.55,1.75
8.56,1.75
8.57,1.75
8.58,1.75
8.59,1.75
8.6,1.75
8.61,1.75
8.62,1.75
8.63,1.75
8.64,1.75
8.65,1.75
8.66,1.75
8.67,1.75
8.68,1.75
8.69,1.75
8.7,1.75
8.71,1.75
8.72,1.75
8.73,1.75
8.74,1.75
8.75,1.75
8.76,1.75
8.77,1.75
8.78,1.75
8.79,1.75
8.8,1.75
8.81,1.75
8.82,1.75
8.83,1.75
8.84,1.75
8.85,1.75
8.86,1.75
8.87,1.75
8.88,1.75
8.89,1.75
8.9,1.75
8.91,1.75
8.92,1.75
8.93,1.75
8.94,1.75
8.95,1.75
8.96,1.75
8.97,1.75
8.98,1.75
8.99,1.75
9,1.75
9.01,1.75
9.02,1.75
9.03,1.75
9.04,1.75
9.05,1.75
9.06,1.75
9.07,1.75
9.08,1.75
9.09,1.75
9.1,1.75
9.11,1.75
9.12,1.75
9.13,1.75
9.14,1.75
9.15,1.75
9.16,1.75
9.17,1.75
9.18,1.75
9.19,1.75
9.2,1.75
9.21,1.75
9.22,1.75
9.23,1.75
9.24,1.75
9.25,1.75
9.26,1.75
9.27,1.75
9.28,1.75
9.29,1.75
9.3,1.75
9.31,1.75
9.32,1.75
9.33,1.75
9.34,1.75
9.35,1.75
9.36,1.75
9.37,1.75
9.38,1.75
9.39,1.75
9.4,1.75
9.41,1.75
9.42,1.75
9.43,0.75
9.44,0.75
9.45,0.75
9.46,0.75
9.47,0.75
9.48,0.75
9.49,0.75
9.5,0.75
9.51,0.75
9.52,0.75
9.53,0.75
9.54,0.75
9.55,0.75
9.56,0.75
9.57,0.75
9.58,0.75
9.59,0.75
9.6,0.75
9.61,0.75
9.62,0.75
9.63,0.75
9.64,0.75
9.65,0.75
9.66,0.75
9.67,0.75
9.68,0.75
9.69,0.75
9.7,0.75
9.71,0.75
9.72,0.75
9.73,0.75
9.74,0.75
9.75,0.75
9.76,0.75
9.77,0.75
9.78,0.75
9.79,0.75
9.8,0.75
9.81,0.75
9.82,0.75
9.83,0.75
9.84,0.75
9.85,0.75
9.86,0.75
9.87,0.75
9.88,0.75
9.89,0.75
9.9,0.75
9.91,0.75
9.92,0.75
9.93,0.75
9.94,0.75
9.95,0.75
9.96,0.75
9.97,0.75
9.98,0.75
9.99,0.75
10,0.75
10.01,0.75
10.02,0.75
10.03,0.75
10.04,0.75
10.05,0.75
10.06,0.75
10.07,0.75
10.08,0.75
10.09,0.75
10.1,0.75
10.11,0.75
10.12,0.75
10.13,0.75
10.14,0.75
10.15,0.75
10.16,0.75
10.17,0.75
10.18,0.75
10.19,0.75
10.2,0.75
10.21,0.75
10.22,0.75
10.23,0.75
10.24,0.75
10.25,0.75
10.26,0.75
10.27,0.75
10.28,0.75
10.29,0.75
10.3,0.75
10.31,0.75
10.32,0.75
10.33,0.75
10.34,0.75
10.35,0.75
10.36,0.75
10.37,0.75
10.38,0.75
10.39,0.75
10.4,0.75
10.41,0.75
10.42,0.75
10.43,0.75
10.44,0.75
10.45,0.75
10.46,0.75
10.47,0.75
10.48,0.75
10.49,0.75
10.5,0.75
10.51,0.75
10.52,0.75
10.53,0.75
10.54,0.75
10.55,0.75
10.56,0.75
10.57,0.75
10.58,0.75
10.59,0.75
10.6,0.75
10.61,0.75
10.62,0.75
10.63,0.75
10.64,0.75
10.65,0.75
10.66,0.75
10.67,0.75
10.68,0.75
10.69,0.75
10.7,0.75
10.71,0.75
10.72,0.75
10.73,0.75
10.74,0.75
10.75,0.75
10.76,0.75
10.77,0.75
10.78,0.75
10.79,0.75
10.8,0.75
10.81,0.75
10.82,0.75
10.83,0.75
10.84,0.75
10.85,0.75
10.86,0.75
10.87,0.75
10.88,0.75
10.89,0.75
10.9,0.75
10.91,0.75
10.92,0.75
10.93,0.75
10.94,0.75
10.95,0.75
10.96,0.75
10.97,0.75
10.98,0.75
10.99,0.75
11,0.75
11.01,0.75
11.02,0.75
11.03,0.75
11.04,0.75
11.05,0.75
11.06,0.75
11.07,0.75
11.08,0.75
11.09,0.75
11.1,0.75
11.11,0.75
11.12,0.75
11.13,0.75
11.14,0.75
11.15,0.75
11.16,0.75
11.17,0.75
11.18,0.75
11.19,0.75
11.2,0.75
11.21,0.75
11.22,0.75
11.23,0.75
11.24,0.75
11.25,0.75
11.26,0.75
11.27,0.75
11.28,0.75
11.29,0.75
11.3,0.75
11.31,0.75
11.32,0.75
11.33,0.75
11.34,0.75
11.35,0.75
11.36,0.75
11.37,0.75
11.38,0.75
11.39,0.75
11.4,0.75
11.41,0.75
11.42,0.75
11.43,0.75
11.44,0.75
11.45,0.75
11.46,0.75
11.47,0.75
11.48,0.75
11.49,0.75
11.5,0.75
11.51,0.75
11.52,0.75
11.53,0.75
11.54,0.75
11.55,0.75
11.56,0.75
11.57,0.75
11.58,0.75
11.59,0.75
11.6,0.75
11.61,0.75
11.62,0.75
11.63,0.75
11.64,0.75
11.65,0.75
11.66,0.75
11.67,0.75
11.68,0.75
11.69,0.75
11.7,0.75
11.71,0.75
11.72,0.75
11.73,0.75
11.74,0.75
11.75,0.75
11.76,0.75
11.77,0.75
11.78,0.75
11.79,0.75
11.8,0.75
11.81,0.75
11.82,0.75
11.83,0.75
11.84,0.75
11.85,0.75
11.86,0.75
11.87,0.75
11.88,0.75
11.89,0.75
11.9,0.75
11.91,0.75
11.92,0.75
11.93,0.75
11.94,0.75
11.95,0.75
11.96,0.75
11.97,0.75
11.98,0.75
11.99,0.75
12,0.75
12.01,0.75
12.02,0.75
12.03,0.75
12.04,0.75
12.05,0.75
12.06,0.75
12.07,0.75
12.08,0.75
12.09,0.75
12.1,0.75
12.11,0.75
12.12,0.75
12.13,0.75
12.14,0.75
12.15,0.75
12.16,0.75
12.17,0.75
12.18,0.75
12.19,0.75
12.2,0.75
12.21,0.75
12.22,0.75
12.23,0.75
12.24,0.75
12.25,0.75
12.26,0.75
12.27,0.75
12.28,0.75
12.29,0.75
12.3,0.75
12.31,0.75
12.32,0.75
12.33,0.75
12.34,0.75
12.35,0.75
12.36,0.75
12.37,0.75
12.38,0.75
12.39,0.75
12.4,0.75
12.41,0.75
12.42,0.75
12.43,0.75
12.44,0.75
12.45,0.75
12.46,0.75
12.47,0.75
12.48,0.75
12.49,0.75
12.5,0.75
12.51,0.75
12.52,0.75
12.53,0.75
12.54,0.75
12.55,0.75
12.56,0.75
12.57,1.75
12.58,1.75
12.59,1.75
12.6,1.75
12.61,1.75
12.62,1.75
12.63,1.75
12.64,1.75
12.65,1.75
12.66,1.75
12.67,1.75
12.68,1.75
12.69,1.75
12.7,1.75
12.71,1.75
12.72,1.75
12.73,1.75
12.74,1.75
12.75,1.75
12.76,1.75
12.77,1.75
12.78,1.75
12.79,1.75
12.8,1.75
12.81,1.75
12.82,1.75
12.83,1.75
12.84,1.75
12.85,1.75
12.86,1.75
12.87,1.75
12.88,1.75
12.89,1.75
12.9,1.75
12.91,1.75
12.92,1.75
12.93,1.75
12.94,1.75
12.95,1.75
12.96,1.75
12.97,1.75
12.98,1.75
12.99,1.75
13,1.75
13.01,1.75
13.02,1.75
13.03,1.75
13.04,1.75
13.05,1.75
13.06,1.75
13.07,1.75
13.08,1.75
13.09,1.75
13.1,1.75
13.11,1.75
13.12,1.75
13.13,1.75
13.14,1.75
13.15,1.75
13.16,1.75
13.17,1.75
13.18,1.75
13.19,1.75
13.2,1.75
13.21,1.75
13.22,1.75
13.23,1.75
13.24,1.75
13.25,1.75
13.26,1.75
13.27,1.75
13.28,1.75
13.29,1.75
13.3,1.75
13.31,1.75
13.32,1.75
13.33,1.75
13.34,1.75
13.35,1.75
13.36,1.75
13.37,1.75
13.38,1.75
13.39,1.75
13.4,1.75
13.41,1.75
13.42,1.75
13.43,1.75
13.44,1.75
13.45,1.75
13.46,1.75
13.47,1.75
13.48,1.75
13.49,1.75
13.5,1.75
13.51,1.75
13.52,1.75
13.53,1.75
13.54,1.75
13.55,1.75
13.56,1.75
13.57,1.75
13.58,1.75
13.59,1.75
13.6,1.75
13.61,1.75
13.62,1.75
13.63,1.75
13.64,1.75
13.65,1.75
13.66,1.75
13.67,1.75
13.68,1.75
13.69,1.75
13.7,1.75
13.71,1.75
13.72,1.75
13.73,1.75
13.74,1.75
13.75,1.75
13.76,1.75
13.77,1.75
13.78,1.75
13.79,1.75
13.8,1.75
13.81,1.75
13.82,1.75
13.83,1.75
13.84,1.75
13.85,1.75
13.86,1.75
13.87,1.75
13.88,1.75
13.89,1.75
13.9,1.75
13.91,1.75
13.92,1.75
13.93,1.75
13.94,1.75
13.95,1.75
13.96,1.75
13.97,1.75
13.98,1.75
13.99,1.75
14,1.75
14.01,1.75
14.02,1.75
14.03,1.75
14.04,1.75
14.05,1.75
14.06,1.75
14.07,1.75
14.08,1.75
14.09,1.75
14.1,1.75
14.11,1.75
14.12,1.75
14.13,1.75
14.14,1.75
14.15,1.75
14.16,1.75
14.17,1.75
14.18,1.75
14.19,1.75
14.2,1.75
14.21,1.75
14.22,1.75
14.23,1.75
14.24,1.75
14.25,1.75
14.26,1.75
14.27,1.75
14.28,1.75
14.29,1.75
14.3,1.75
14.31,1.75
14.32,1.75
14.33,1.75
14.34,1.75
14.35,1.75
14.36,1.75
14.37,1.75
14.38,1.75
14.39,1.75
14.4,1.75
14.41,1.75
14.42,1.75
14.43,1.75
14.44,1.75
14.45,1.75
14.46,1.75
14.47,1.75
14.48,1.75
14.49,1.75
14.5,1.75
14.51,1.75
14.52,1.75
14.53,1.75
14.54,1.75
14.55,1.75
14.56,1.75
14.57,1.75
14.58,1.75
14.59,1.75
14.6,1.75
14.61,1.75
14.62,1.75
14.63,1.75
14.64,1.75
14.65,1.75
14.66,1.75
14.67,1.75
14.68,1.75
14.69,1.75
14.7,1.75
14.71,1.75
14.72,1.75
14.73,1.75
14.74,1.75
14.75,1.75
14.76,1.75
14.77,1.75
14.78,1.75
14.79,1.75
14.8,1.75
14.81,1.75
14.82,1.75
14.83,1.75
14.84,1.75
14.85,1.75
14.86,1.75
14.87,1.75
14.88,1.75
14.89,1.75
14.9,1.75
14.91,1.75
14.92,1.75
14.93,1.75
14.94,1.75
14.95,1.75
14.96,1.75
14.97,1.75
14.98,1.75
14.99,1.75
15,1.75
15.01,1.75
15.02,1.75
15.03,1.75
15.04,1.75
15.05,1.75
15.06,1.75
15.07,1.75
15.08,1.75
15.09,1.75
15.1,1.75
15.11,1.75
15.12,1.75
15.13,1.75
15.14,1.75
15.15,1.75
15.16,1.75
15.17,1.75
15.18,1.75
15.19,1.75
15.2,1.75
15.21,1.75
15.22,1.75
15.23,1.75
15.24,1.75
15.25,1.75
15.26,1.75
15.27,1.75
15.28,1.75
15.29,1.75
15.3,1.75
15.31,1.75
15.32,1.75
15.33,1.75
15.34,1.75
15.35,1.75
15.36,1.75
15.37,1.75
15.38,1.75
15.39,1.75
15.4,1.75
15.41,1.75
15.42,1.75
15.43,1.75
15.44,1.75
15.45,1.75
15.46,1.75
15.47,1.75
15.48,1.75
15.49,1.75
15.5,1.75
15.51,1.75
15.52,1.75
15.53,1.75
15.54,1.75
15.55,1.75
15.56,1.75
15.57,1.75
15.58,1.75
15.59,1.75
15.6,1.75
15.61,1.75
15.62,1.75
15.63,1.75
15.64,1.75
15.65,1.75
15.66,1.75
15.67,1.75
15.68,1.75
15.69,1.75
15.7,1.75
15.71,0.75
15.72,0.75
15.73,0.75
15.74,0.75
15.75,0.75
15.76,0.75
15.77,0.75
15.78,0.75
15.79,0.75
15.8,0.75
15.81,0.75
15.82,0.75
15.83,0.75
15.84,0.75
15.85,0.75
15.86,0.75
15.87,0.75
15.88,0.75
15.89,0.75
15.9,0.75
15.91,0.75
15.92,0.75
15.93,0.75
15.94,0.75
15.95,0.75
15.96,0.75
15.97,0.75
15.98,0.75
15.99,0.75
16,0.75
16.01,0.75
16.02,0.75
16.03,0.75
16.04,0.75
16.05,0.75
16.06,0.75
16.07,0.75
16.08,0.75
16.09,0.75
16.1,0.75
16.11,0.75
16.12,0.75
16.13,0.75
16.14,0.75
16.15,0.75
16.16,0.75
16.17,0.75
16.18,0.75
16.19,0.75
16.2,0.75
16.21,0.75
16.22,0.75
16.23,0.75
16.24,0.75
16.25,0.75
16.26,0.75
16.27,0.75
16.28,0.75
16.29,0.75
16.3,0.75
16.31,0.75
16.32,0.75
16.33,0.75
16.34,0.75
16.35,0.75
16.36,0.75
16.37,0.75
16.38,0.75
16.39,0.75
16.4,0.75
16.41,0.75
16.42,0.75
16.43,0.75
16.44,0.75
16.45,0.75
16.46,0.75
16.47,0.75
16.48,0.75
16.49,0.75
16.5,0.75
16.51,0.75
16.52,0.75
16.53,0.75
16.54,0.75
16.55,0.75
16.56,0.75
16.57,0.75
16.58,0.75
16.59,0.75
16.6,0.75
16.61,0.75
16.62,0.75
16.63,0.75
16.64,0.75
16.65,0.75
16.66,0.75
16.67,0.75
16.68,0.75
16.69,0.75
16.7,0.75
16.71,0.75
16.72,0.75
16.73,0.75
16.74,0.75
16.75,0.75
16.76,0.75
16.77,0.75
16.78,0.75
16.79,0.75
16.8,0.75
16.81,0.75
16.82,0.75
16.83,0.75
16.84,0.75
16.85,0.75
16.86,0.75
16.87,0.75
16.88,0.75
16.89,0.75
16.9,0.75
16.91,0.75
16.92,0.75
16.93,0.75
16.94,0.75
16.95,0.75
16.96,0.75
16.97,0.75
16.98,0.75
16.99,0.75
17,0.75
17.01,0.75
17.02,0.75
17.03,0.75
17.04,0.75
17.05,0.75
17.06,0.75
17.07,0.75
17.08,0.75
17.09,0.75
17.1,0.75
17.11,0.75
17.12,0.75
17.13,0.75
17.14,0.75
17.15,0.75
17.16,0.75
17.17,0.75
17.18,0.75
17.19,0.75
17.2,0.75
17.21,0.75
17.22,0.75
17.23,0.75
17.24,0.75
17.25,0.75
17.26,0.75
17.27,0.75
17.28,0.75
17.29,0.75
17.3,0.75
17.31,0.75
17.32,0.75
17.33,0.75
17.34,0.75
17.35,0.75
17.36,0.75
17.37,0.75
17.38,0.75
17.39,0.75
17.4,0.75
17.41,0.75
17.42,0.75
17.43,0.75
17.44,0.75
17.45,0.75
17.46,0.75
17.47,0.75
17.48,0.75
17.49,0.75
17.5,0.75
17.51,0.75
17.52,0.75
17.53,0.75
17.54,0.75
17.55,0.75
17.56,0.75
17.57,0.75
17.58,0.75
17.59,0.75
17.6,0.75
17.61,0.75
17.62,0.75
17.63,0.75
17.64,0.75
17.65,0.75
17.66,0.75
17.67,0.75
17.68,0.75
17.69,0.75
17.7,0.75
17.71,0.75
17.72,0.75
17.73,0.75
17.74,0.75
17.75,0.75
17.76,0.75
17.77,0.75
17.78,0.75
17.79,0.75
17.8,0.75
17.81,0.75
17.82,0.75
17.83,0.75
17.84,0.75
17.85,0.75
17.86,0.75
17.87,0.75
17.88,0.75
17.89,0.75
17.9,0.75
17.91,0.75
17.92,0.75
17.93,0.75
17.94,0.75
17.95,0.75
17.96,0.75
17.97,0.75
17.98,0.75
17.99,0.75
18,0.75
18.01,0.75
18.02,0.75
18.03,0.75
18.04,0.75
18.05,0.75
18.06,0.75
18.07,0.75
18.08,0.75
18.09,0.75
18.1,0.75
18.11,0.75
18.12,0.75
18.13,0.75
18.14,0.75
18.15,0.75
18.16,0.75
18.17,0.75
18.18,0.75
18.19,0.75
18.2,0.75
18.21,0.75
18.22,0.75
18.23,0.75
18.24,0.75
18.25,0.75
18.26,0.75
18.27,0.75
18.28,0.75
18.29,0.75
18.3,0.75
18.31,0.75
18.32,0.75
18.33,0.75
18.34,0.75
18.35,0.75
18.36,0.75
18.37,0.75
18.38,0.75
18.39,0.75
18.4,0.75
18.41,0.75
18.42,0.75
18.43,0.75
18.44,0.75
18.45,0.75
18.46,0.75
18.47,0.75
18.48,0.75
18.49,0.75
18.5,0.75
18.51,0.75
18.52,0.75
18.53,0.75
18.54,0.75
18.55,0.75
18.56,0.75
18.57,0.75
18.58,0.75
18.59,0.75
18.6,0.75
18.61,0.75
18.62,0.75
18.63,0.75
18.64,0.75
18.65,0.75
18.66,0.75
18.67,0.75
18.68,0.75
18.69,0.75
18.7,0.75
18.71,0.75
18.72,0.75
18.73,0.75
18.74,0.75
18.75,0.75
18.76,0.75
18.77,0.75
18.78,0.75
18.79,0.75
18.8,0.75
18.81,0.75
18.82,0.75
18.83,0.75
18.84,0.75
18.85,1.75
18.86,1.75
18.87,1.75
18.88,1.75
18.89,1.75
18.9,1.75
18.91,1.75
18.92,1.75
18.93,1.75
18.94,1.75
18.95,1.75
18.96,1.75
18.97,1.75
18.98,1.75
18.99,1.75
19,1.75
19.01,1.75
19.02,1.75
19.03,1.75
19.04,1.75
19.05,1.75
19.06,1.75
19.07,1.75
19.08,1.75
19.09,1.75
19.1,1.75
19.11,1.75
19.12,1.75
19.13,1.75
19.14,1.75
19.15,1.75
19.16,1.75
19.17,1.75
19.18,1.75
19.19,1.75
19.2,1.75
19.21,1.75
19.22,1.75
19.23,1.75
19.24,1.75
19.25,1.75
19.26,1.75
19.27,1.75
19.28,1.75
19.29,1.75
19.3,1.75
19.31,1.75
19.32,1.75
19.33,1.75
19.34,1.75
19.35,1.75
19.36,1.75
19.37,1.75
19.38,1.75
19.39,1.75
19.4,1.75
19.41,1.75
19.42,1.75
19.43,1.75
19.44,1.75
19.45,1.75
19.46,1.75
19.47,1.75
19.48,1.75
19.49,1.75
19.5,1.75
19.51,1.75
19.52,1.75
19.53,1.75
19.54,1.75
19.55,1.75
19.56,1.75
19.57,1.75
19.58,1.75
19.59,1.75
19.6,1.75
19.61,1.75
19.62,1.75
19.63,1.75
19.64,1.75
19.65,1.75
19.66,1.75
19.67,1.75
19.68,1.75
19.69,1.75
19.7,1.75
19.71,1.75
19.72,1.75
19.73,1.75
19.74,1.75
19.75,1.75
19.76,1.75
19.77,1.75
19.78,1.75
19.79,1.75
19.8,1.75
19.81,1.75
19.82,1.75
19.83,1.75
19.84,1.75
19.85,1.75
19.86,1.75
19.87,1.75
19.88,1.75
19.89,1.75
19.9,1.75
19.91,1.75
19.92,1.75
19.93,1.75
19.94,1.75
19.95,1.75
19.96,1.75
19.97,1.75
19.98,1.75
19.99,1.75
20,1.75
20.01,1.75
20.02,1.75
20.03,1.75
20.04,1.75
20.05,1.75
20.06,1.75
20.07,1.75
20.08,1.75
20.09,1.75
20.1,1.75
20.11,1.75
20.12,1.75
20.13,1.75
20.14,1.75
20.15,1.75
20.16,1.75
20.17,1.75
20.18,1.75
20.19,1.75
20.2,1.75
20.21,1.75
20.22,1.75
20.23,1.75
20.24,1.75
20.25,1.75
20.26,1.75
20.27,1.75
20.28,1.75
20.29,1.75
20.3,1.75
20.31,1.75
20.32,1.75
20.33,1.75
20.34,1.75
20.35,1.75
20.36,1.75
20.37,1.75
20.38,1.75
20.39,1.75
20.4,1.75
20.41,1.75
20.42,1.75
20.43,1.75
20.44,1.75
20.45,1.75
20.46,1.75
20.47,1.75
20.48,1.75
20.49,1.75
20.5,1.75
20.51,1.75
20.52,1.75
20.53,1.75
20.54,1.75
20.55,1.75
20.56,1.75
20.57,1.75
20.58,1.75
20.59,1.75
20.6,1.75
20.61,1.75
20.62,1.75
20.63,1.75
20.64,1.75
20.65,1.75
20.66,1.75
20.67,1.75
20.68,1.75
20.69,1.75
20.7,1.75
20.71,1.75
20.72,1.75
20.73,1.75
20.74,1.75
20.75,1.75
20.76,1.75
20.77,1.75
20.78,1.75
20.79,1.75
20.8,1.75
20.81,1.75
20.82,1.75
20.83,1.75
20.84,1.75
20.85,1.75
20.86,1.75
20.87,1.75
20.88,1.75
20.89,1.75
20.9,1.75
20.91,1.75
20.92,1.75
20.93,1.75
20.94,1.75
20.95,1.75
20.96,1.75
20.97,1.75
20.98,1.75
20.99,1.75
21,1.75
21.01,1.75
21.02,1.75
21.03,1.75
21.04,1.75
21.05,1.75
21.06,1.75
21.07,1.75
21.08,1.75
21.09,1.75
21.1,1.75
21.11,1.75
21.12,1.75
21.13,1.75
21.14,1.75
21.15,1.75
21.16,1.75
21.17,1.75
21.18,1.75
21.19,1.75
21.2,1.75
21.21,1.75
21.22,1.75
21.23,1.75
21.24,1.75
21.25,1.75
21.26,1.75
21.27,1.75
21.28,1.75
21.29,1.75
21.3,1.75
21.31,1.75
21.32,1.75
21.33,1.75
21.34,1.75
21.35,1.75
21.36,1.75
21.37,1.75
21.38,1.75
21.39,1.75
21.4,1.75
21.41,1.75
21.42,1.75
21.43,1.75
21.44,1.75
21.45,1.75
21.46,1.75
21.47,1.75
21.48,1.75
21.49,1.75
21.5,1.75
21.51,1.75
21.52,1.75
21.53,1.75
21.54,1.75
21.55,1.75
21.56,1.75
21.57,1.75
21.58,1.75
21.59,1.75
21.6,1.75
21.61,1.75
21.62,1.75
21.63,1.75
21.64,1.75
21.65,1.75
21.66,1.75
21.67,1.75
21.68,1.75
21.69,1.75
21.7,1.75
21.71,1.75
21.72,1.75
21.73,1.75
21.74,1.75
21.75,1.75
21.76,1.75
21.77,1.75
21.78,1.75
21.79,1.75
21.8,1.75
21.81,1.75
21.82,1.75
21.83,1.75
21.84,1.75
21.85,1.75
21.86,1.75
21.87,1.75
21.88,1.75
21.89,1.75
21.9,1.75
21.91,1.75
21.92,1.75
21.93,1.75
21.94,1.75
21.95,1.75
21.96,1.75
21.97,1.75
21.98,1.75
21.99,1.75
22,0.75
22.01,0.75
22.02,0.75
22.03,0.75
22.04,0.75
22.05,0.75
22.06,0.75
22.07,0.75
22.08,0.75
22.09,0.75
22.1,0.75
22.11,0.75
22.12,0.75
22.13,0.75
22.14,0.75
22.15,0.75
22.16,0.75
22.17,0.75
22.18,0.75
22.19,0.75
22.2,0.75
22.21,0.75
22.22,0.75
22.23,0.75
22.24,0.75
22.25,0.75
22.26,0.75
22.27,0.75
22.28,0.75
22.29,0.75
22.3,0.75
22.31,0.75
22.32,0.75
22.33,0.75
22.34,0.75
22.35,0.75
22.36,0.75
22.37,0.75
22.38,0.75
22.39,0.75
22.4,0.75
22.41,0.75
22.42,0.75
22.43,0.75
22.44,0.75
22.45,0.75
22.46,0.75
22.47,0.75
22.48,0.75
22.49,0.75
22.5,0.75
22.51,0.75
22.52,0.75
22.53,0.75
22.54,0.75
22.55,0.75
22.56,0.75
22.57,0.75
22.58,0.75
22.59,0.75
22.6,0.75
22.61,0.75
22.62,0.75
22.63,0.75
22.64,0.75
22.65,0.75
22.66,0.75
22.67,0.75
22.68,0.75
22.69,0.75
22.7,0.75
22.71,0.75
22.72,0.75
22.73,0.75
22.74,0.75
22.75,0.75
22.76,0.75
22.77,0.75
22.78,0.75
22.79,0.75
22.8,0.75
22.81,0.75
22.82,0.75
22.83,0.75
22.84,0.75
22.85,0.75
22.86,0.75
22.87,0.75
22.88,0.75
22.89,0.75
22.9,0.75
22.91,0.75
22.92,0.75
22.93,0.75
22.94,0.75
22.95,0.75
22.96,0.75
22.97,0.75
22.98,0.75
22.99,0.75
23,0.75
23.01,0.75
23.02,0.75
23.03,0.75
23.04,0.75
23.05,0.75
23.06,0.75
23.07,0.75
23.08,0.75
23.09,0.75
23.1,0.75
23.11,0.75
23.12,0.75
23.13,0.75
23.14,0.75
23.15,0.75
23.16,0.75
23.17,0.75
23.18,0.75
23.19,0.75
23.2,0.75
23.21,0.75
23.22,0.75
23.23,0.75
23.24,0.75
23.25,0.75
23.26,0.75
23.27,0.75
23.28,0.75
23.29,0.75
23.3,0.75
23.31,0.75
23.32,0.75
23.33,0.75
23.34,0.75
23.35,0.75
23.36,0.75
23.37,0.75
23.38,0.75
23.39,0.75
23.4,0.75
23.41,0.75
23.42,0.75
23.43,0.75
23.44,0.75
23.45,0.75
23.46,0.75
23.47,0.75
23.48,0.75
23.49,0.75
23.5,0.75
23.51,0.75
23.52,0.75
23.53,0.75
23.54,0.75
23.55,0.75
23.56,0.75
23.57,0.75
23.58,0.75
23.59,0.75
23.6,0.75
23.61,0.75
23.62,0.75
23.63,0.75
23.64,0.75
23.65,0.75
23.66,0.75
23.67,0.75
23.68,0.75
23.69,0.75
23.7,0.75
23.71,0.75
23.72,0.75
23.73,0.75
23.74,0.75
23.75,0.75
23.76,0.75
23.77,0.75
23.78,0.75
23.79,0.75
23.8,0.75
23.81,0.75
23.82,0.75
23.83,0.75
23.84,0.75
23.85,0.75
23.86,0.75
23.87,0.75
23.88,0.75
23.89,0.75
23.9,0.75
23.91,0.75
23.92,0.75
23.93,0.75
23.94,0.75
23.95,0.75
23.96,0.75
23.97,0.75
23.98,0.75
23.99,0.75
24,0.75
24.01,0.75
24.02,0.75
24.03,0.75
24.04,0.75
24.05,0.75
24.06,0.75
24.07,0.75
24.08,0.75
24.09,0.75
24.1,0.75
24.11,0.75
24.12,0.75
24.13,0.75
24.14,0.75
24.15,0.75
24.16,0.75
24.17,0.75
24.18,0.75
24.19,0.75
24.2,0.75
24.21,0.75
24.22,0.75
24.23,0.75
24.24,0.75
24.25,0.75
24.26,0.75
24.27,0.75
24.28,0.75
24.29,0.75
24.3,0.75
24.31,0.75
24.32,0.75
24.33,0.75
24.34,0.75
24.35,0.75
24.36,0.75
24.37,0.75
24.38,0.75
24.39,0.75
24.4,0.75
24.41,0.75
24.42,0.75
24.43,0.75
24.44,0.75
24.45,0.75
24.46,0.75
24.47,0.75
24.48,0.75
24.49,0.75
24.5,0.75
24.51,0.75
24.52,0.75
24.53,0.75
24.54,0.75
24.55,0.75
24.56,0.75
24.57,0.75
24.58,0.75
24.59,0.75
24.6,0.75
24.61,0.75
24.62,0.75
24.63,0.75
24.64,0.75
24.65,0.75
24.66,0.75
24.67,0.75
24.68,0.75
24.69,0.75
24.7,0.75
24.71,0.75
24.72,0.75
24.73,0.75
24.74,0.75
24.75,0.75
24.76,0.75
24.77,0.75
24.78,0.75
24.79,0.75
24.8,0.75
24.81,0.75
24.82,0.75
24.83,0.75
24.84,0.75
24.85,0.75
24.86,0.75
24.87,0.75
24.88,0.75
24.89,0.75
24.9,0.75
24.91,0.75
24.92,0.75
24.93,0.75
24.94,0.75
24.95,0.75
24.96,0.75
24.97,0.75
24.98,0.75
24.99,0.75
25,0.75
25.01,0.75
25.02,0.75
25.03,0.75
25.04,0.75
25.05,0.75
25.06,0.75
25.07,0.75
25.08,0.75
25.09,0.75
25.1,0.75
25.11,0.75
25.12,0.75
25.13,0.75
25.14,1.75
25.15,1.75
25.16,1.75
25.17,1.75
25.18,1.75
25.19,1.75
25.2,1.75
25.21,1.75
25.22,1.75
25.23,1.75
25.24,1.75
25.25,1.75
25.26,1.75
25.27,1.75
25.28,1.75
25.29,1.75
25.3,1.75
25.31,1.75
25.32,1.75
25.33,1.75
25.34,1.75
25.35,1.75
25.36,1.75
25.37,1.75
25.38,1.75
25.39,1.75
25.4,1.75
25.41,1.75
25.42,1.75
25.43,1.75
25.44,1.75
25.45,1.75
25.46,1.75
25.47,1.75
25.48,1.75
25.49,1.75
25.5,1.75
25.51,1.75
25.52,1.75
25.53,1.75
25.54,1.75
25.55,1.75
25.56,1.75
25.57,1.75
25.58,1.75
25.59,1.75
25.6,1.75
25.61,1.75
25.62,1.75
25.63,1.75
25.64,1.75
25.65,1.75
25.66,1.75
25.67,1.75
25.68,1.75
25.69,1.75
25.7,1.75
25.71,1.75
25.72,1.75
25.73,1.75
25.74,1.75
25.75,1.75
25.76,1.75
25.77,1.75
25.78,1.75
25.79,1.75
25.8,1.75
25.81,1.75
25.82,1.75
25.83,1.75
25.84,1.75
25.85,1.75
25.86,1.75
25.87,1.75
25.88,1.75
25.89,1.75
25.9,1.75
25.91,1.75
25.92,1.75
25.93,1.75
25.94,1.75
25.95,1.75
25.96,1.75
25.97,1.75
25.98,1.75
25.99,1.75
26,1.75
26.01,1.75
26.02,1.75
26.03,1.75
26.04,1.75
26.05,1.75
26.06,1.75
26.07,1.75
26.08,1.75
26.09,1.75
26.1,1.75
26.11,1.75
26.12,1.75
26.13,1.75
26.14,1.75
26.15,1.75
26.16,1.75
26.17,1.75
26.18,1.75
26.19,1.75
26.2,1.75
26.21,1.75
26.22,1.75
26.23,1.75
26.24,1.75
26.25,1.75
26.26,1.75
26.27,1.75
26.28,1.75
26.29,1.75
26.3,1.75
26.31,1.75
26.32,1.75
26.33,1.75
26.34,1.75
26.35,1.75
26.36,1.75
26.37,1.75
26.38,1.75
26.39,1.75
26.4,1.75
26.41,1.75
26.42,1.75
26.43,1.75
26.44,1.75
26.45,1.75
26.46,1.75
26.47,1.75
26.48,1.75
26.49,1.75
26.5,1.75
26.51,1.75
26.52,1.75
26.53,1.75
26.54,1.75
26.55,1.75
26.56,1.75
26.57,1.75
26.58,1.75
26.59,1.75
26.6,1.75
26.61,1.75
26.62,1.75
26.63,1.75
26.64,1.75
26.65,1.75
26.66,1.75
26.67,1.75
26.68,1.75
26.69,1.75
26.7,1.75
26.71,1.75
26.72,1.75
26.73,1.75
26.74,1.75
26.75,1.75
26.76,1.75
26.77,1.75
26.78,1.75
26.79,1.75
26.8,1.75
26.81,1.75
26.82,1.75
26.83,1.75
26.84,1.75
26.85,1.75
26.86,1.75
26.87,1.75
26.88,1.75
26.89,1.75
26.9,1.75
26.91,1.75
26.92,1.75
26.93,1.75
26.94,1.75
26.95,1.75
26.96,1.75
26.97,1.75
26.98,1.75
26.99,1.75
27,1.75
27.01,1.75
27.02,1.75
27.03,1.75
27.04,1.75
27.05,1.75
27.06,1.75
27.07,1.75
27.08,1.75
27.09,1.75
27.1,1.75
27.11,1.75
27.12,1.75
27.13,1.75
27.14,1.75
27.15,1.75
27.16,1.75
27.17,1.75
27.18,1.75
27.19,1.75
27.2,1.75
27.21,1.75
27.22,1.75
27.23,1.75
27.24,1.75
27.25,1.75
27.26,1.75
27.27,1.75
27.28,1.75
27.29,1.75
27.3,1.75
27.31,1.75
27.32,1.75
27.33,1.75
27.34,1.75
27.35,1.75
27.36,1.75
27.37,1.75
27.38,1.75
27.39,1.75
27.4,1.75
27.41,1.75
27.42,1.75
27.43,1.75
27.44,1.75
27.45,1.75
27.46,1.75
27.47,1.75
27.48,1.75
27.49,1.75
27.5,1.75
27.51,1.75
27.52,1.75
27.53,1.75
27.54,1.75
27.55,1.75
27.56,1.75
27.57,1.75
27.58,1.75
27.59,1.75
27.6,1.75
27.61,1.75
27.62,1.75
27.63,1.75
27.64,1.75
27.65,1.75
27.66,1.75
27.67,1.75
27.68,1.75
27.69,1.75
27.7,1.75
27.71,1.75
27.72,1.75
27.73,1.75
27.74,1.75
27.75,1.75
27.76,1.75
27.77,1.75
27.78,1.75
27.79,1.75
27.8,1.75
27.81,1.75
27.82,1.75
27.83,1.75
27.84,1.75
27.85,1.75
27.86,1.75
27.87,1.75
27.88,1.75
27.89,1.75
27.9,1.75
27.91,1.75
27.92,1.75
27.93,1.75
27.94,1.75
27.95,1.75
27.96,1.75
27.97,1.75
27.98,1.75
27.99,1.75
28,1.75
28.01,1.75
28.02,1.75
28.03,1.75
28.04,1.75
28.05,1.75
28.06,1.75
28.07,1.75
28.08,1.75
28.09,1.75
28.1,1.75
28.11,1.75
28.12,1.75
28.13,1.75
28.14,1.75
28.15,1.75
28.16,1.75
28.17,1.75
28.18,1.75
28.19,1.75
28.2,1.75
28.21,1.75
28.22,1.75
28.23,1.75
28.24,1.75
28.25,1.75
28.26,1.75
28.27,1.75
28.28,0.75
28.29,0.75
28.3,0.75
28.31,0.75
28.32,0.75
28.33,0.75
28.34,0.75
28.35,0.75
28.36,0.75
28.37,0.75
28.38,0.75
28.39,0.75
28.4,0.75
28.41,0.75
28.42,0.75
28.43,0.75
28.44,0.75
28.45,0.75
28.46,0.75
28.47,0.75
28.48,0.75
28.49,0.75
28.5,0.75
28.51,0.75
28.52,0.75
28.53,0.75
28.54,0.75
28.55,0.75
28.56,0.75
28.57,0.75
28.58,0.75
28.59,0.75
28.6,0.75
28.61,0.75
28.62,0.75
28.63,0.75
28.64,0.75
28.65,0.75
28.66,0.75
28.67,0.75
28.68,0.75
28.69,0.75
28.7,0.75
28.71,0.75
28.72,0.75
28.73,0.75
28.74,0.75
28.75,0.75
28.76,0.75
28.77,0.75
28.78,0.75
28.79,0.75
28.8,0.75
28.81,0.75
28.82,0.75
28.83,0.75
28.84,0.75
28.85,0.75
28.86,0.75
28.87,0.75
28.88,0.75
28.89,0.75
28.9,0.75
28.91,0.75
28.92,0.75
28.93,0.75
28.94,0.75
28.95,0.75
28.96,0.75
28.97,0.75
28.98,0.75
28.99,0.75
29,0.75
29.01,0.75
29.02,0.75
29.03,0.75
29.04,0.75
29.05,0.75
29.06,0.75
29.07,0.75
29.08,0.75
29.09,0.75
29.1,0.75
29.11,0.75
29.12,0.75
29.13,0.75
29.14,0.75
29.15,0.75
29.16,0.75
29.17,0.75
29.18,0.75
29.19,0.75
29.2,0.75
29.21,0.75
29.22,0.75
29.23,0.75
29.24,0.75
29.25,0.75
29.26,0.75
29.27,0.75
29.28,0.75
29.29,0.75
29.3,0.75
29.31,0.75
29.32,0.75
29.33,0.75
29.34,0.75
29.35,0.75
29.36,0.75
29.37,0.75
29.38,0.75
29.39,0.75
29.4,0.75
29.41,0.75
29.42,0.75
29.43,0.75
29.44,0.75
29.45,0.75
29.46,0.75
29.47,0.75
29.48,0.75
29.49,0.75
29.5,0.75
29.51,0.75
29.52,0.75
29.53,0.75
29.54,0.75
29.55,0.75
29.56,0.75
29.57,0.75
29.58,0.75
29.59,0.75
29.6,0.75
29.61,0.75
29.62,0.75
29.63,0.75
29.64,0.75
29.65,0.75
29.66,0.75
29.67,0.75
29.68,0.75
29.69,0.75
29.7,0.75
29.71,0.75
29.72,0.75
29.73,0.75
29.74,0.75
29.75,0.75
29.76,0.75
29.77,0.75
29.78,0.75
29.79,0.75
29.8,0.75
29.81,0.75
29.82,0.75
29.83,0.75
29.84,0.75
29.85,0.75
29.86,0.75
29.87,0.75
29.88,0.75
29.89,0.75
29.9,0.75
29.91,0.75
29.92,0.75
29.93,0.75
29.94,0.75
29.95,0.75
29.96,0.75
29.97,0.75
29.98,0.75
29.99,0.75
30,0.75
30.01,0.75
30.02,0.75
30.03,0.75
30.04,0.75
30.05,0.75
30.06,0.75
30.07,0.75
30.08,0.75
30.09,0.75
30.1,0.75
30.11,0.75
30.12,0.75
30.13,0.75
30.14,0.75
30.15,0.75
30.16,0.75
30.17,0.75
30.18,0.75
30.19,0.75
30.2,0.75
30.21,0.75
30.22,0.75
30.23,0.75
30.24,0.75
30.25,0.75
30.26,0.75
30.27,0.75
30.28,0.75
30.29,0.75
30.3,0.75
30.31,0.75
30.32,0.75
30.33,0.75
30.34,0.75
30.35,0.75
30.36,0.75
30.37,0.75
30.38,0.75
30.39,0.75
30.4,0.75
30.41,0.75
30.42,0.75
30.43,0.75
30.44,0.75
30.45,0.75
30.46,0.75
30.47,0.75
30.48,0.75
30.49,0.75
30.5,0.75
30.51,0.75
30.52,0.75
30.53,0.75
30.54,0.75
30.55,0.75
30.56,0.75
30.57,0.75
30.58,0.75
30.59,0.75
30.6,0.75
30.61,0.75
30.62,0.75
30.63,0.75
30.64,0.75
30.65,0.75
30.66,0.75
30.67,0.75
30.68,0.75
30.69,0.75
30.7,0.75
30.71,0.75
30.72,0.75
30.73,0.75
30.74,0.75
30.75,0.75
30.76,0.75
30.77,0.75
30.78,0.75
30.79,0.75
30.8,0.75
30.81,0.75
30.82,0.75
30.83,0.75
30.84,0.75
30.85,0.75
30.86,0.75
30.87,0.75
30.88,0.75
30.89,0.75
30.9,0.75
30.91,0.75
30.92,0.75
30.93,0.75
30.94,0.75
30.95,0.75
30.96,0.75
30.97,0.75
30.98,0.75
30.99,0.75
31,0.75
31.01,0.75
31.02,0.75
31.03,0.75
31.04,0.75
31.05,0.75
31.06,0.75
31.07,0.75
31.08,0.75
31.09,0.75
31.1,0.75
31.11,0.75
31.12,0.75
31.13,0.75
31.14,0.75
31.15,0.75
31.16,0.75
31.17,0.75
31.18,0.75
31.19,0.75
31.2,0.75
31.21,0.75
31.22,0.75
31.23,0.75
31.24,0.75
31.25,0.75
31.26,0.75
31.27,0.75
31.28,0.75
31.29,0.75
31.3,0.75
31.31,0.75
31.32,0.75
31.33,0.75
31.34,0.75
31.35,0.75
31.36,0.75
31.37,0.75
31.38,0.75
31.39,0.75
31.4,0.75
31.41,0.75
31.42,1.75
31.43,1.75
31.44,1.75
31.45,1.75
31.46,1.75
31.47,1.75
31.48,1.75
31.49,1.75
31.5,1.75
31.51,1.75
31.52,1.75
31.53,1.75
31.54,1.75
31.55,1.75
31.56,1.75
31.57,1.75
31.58,1.75
31.59,1.75
31.6,1.75
31.61,1.75
31.62,1.75
31.63,1.75
31.64,1.75
31.65,1.75
31.66,1.75
31.67,1.75
31.68,1.75
31.69,1.75
31.7,1.75
31.71,1.75
31.72,1.75
31.73,1.75
31.74,1.75
31.75,1.75
31.76,1.75
31.77,1.75
31.78,1.75
31.79,1.75
31.8,1.75
31.81,1.75
31.82,1.75
31.83,1.75
31.84,1.75
31.85,1.75
31.86,1.75
31.87,1.75
31.88,1.75
31.89,1.75
31.9,1.75
31.91,1.75
31.92,1.75
31.93,1.75
31.94,1.75
31.95,1.75
31.96,1.75
31.97,1.75
31.98,1.75
31.99,1.75
32,1.75
