t,triangle
0,0.75
0.01,0.753183098861838
0.02,0.756366197723676
0.03,0.759549296585514
0.04,0.762732395447352
0.05,0.765915494309189
0.06,0.769098593171027
0.07,0.772281692032865
0.08,0.775464790894703
0.09,0.778647889756541
0.1,0.781830988618379
0.11,0.785014087480217
0.12,0.788197186342055
0.13,0.791380285203893
0.14,0.794563384065731
0.15,0.797746482927569
0.16,0.800929581789407
0.17,0.804112680651244
0.18,0.807295779513082
0.19,0.81047887837492
0.2,0.813661977236758
0.21,0.816845076098596
0.22,0.820028174960434
0.23,0.823211273822272
0.24,0.82639437268411
0.25,0.829577471545948
0.26,0.832760570407786
0.27,0.835943669269623
0.28,0.839126768131461
0.29,0.842309866993299
0.3,0.845492965855137
0.31,0.848676064716975
0.32,0.851859163578813
0.33,0.855042262440651
0.34,0.858225361302489
0.35,0.861408460164327
0.36,0.864591559026165
0.37,0.867774657888003
0.38,0.87095775674984
0.39,0.874140855611678
0.4,0.877323954473516
0.41,0.880507053335354
0.42,0.883690152197192
0.43,0.88687325105903
0.44,0.890056349920868
0.45,0.893239448782706
0.46,0.896422547644544
0.47,0.899605646506382
0.48,0.90278874536822
0.49,0.905971844230057
0.5,0.909154943091895
0.51,0.912338041953733
0.52,0.915521140815571
0.53,0.918704239677409
0.54,0.921887338539247
0.55,0.925070437401085
0.56,0.928253536262923
0.57,0.931436635124761
0.58,0.934619733986599
0.59,0.937802832848436
0.6,0.940985931710274
0.61,0.944169030572112
0.62,0.94735212943395
0.63,0.950535228295788
0.64,0.953718327157626
0.65,0.956901426019464
0.66,0.960084524881302
0.67,0.96326762374314
0.68,0.966450722604978
0.69,0.969633821466816
0.7,0.972816920328654
0.71,0.976000019190491
0.72,0.979183118052329
0.73,0.982366216914167
0.74,0.985549315776005
0.75,0.988732414637843
0.76,0.991915513499681
0.77,0.995098612361519
0.78,0.998281711223357
0.79,1.00146481008519
0.8,1.00464790894703
0.81,1.00783100780887
0.82,1.01101410667071
0.83,1.01419720553255
0.84,1.01738030439438
0.85,1.02056340325622
0.86,1.02374650211806
0.87,1.0269296009799
0.88,1.03011269984174
0.89,1.03329579870357
0.9,1.03647889756541
0.91,1.03966199642725
0.92,1.04284509528909
0.93,1.04602819415093
0.94,1.04921129301276
0.95,1.0523943918746
0.96,1.05557749073644
0.97,1.05876058959828
0.98,1.06194368846011
0.99,1.06512678732195
1,1.06830988618379
1.01,1.07149298504563
1.02,1.07467608390747
1.03,1.0778591827693
1.04,1.08104228163114
1.05,1.08422538049298
1.06,1.08740847935482
1.07,1.09059157821666
1.08,1.09377467707849
1.09,1.09695777594033
1.1,1.10014087480217
1.11,1.10332397366401
1.12,1.10650707252585
1.13,1.10969017138768
1.14,1.11287327024952
1.15,1.11605636911136
1.16,1.1192394679732
1.17,1.12242256683504
1.18,1.12560566569687
1.19,1.12878876455871
1.2,1.13197186342055
1.21,1.13515496228239
1.22,1.13833806114422
1.23,1.14152116000606
1.24,1.1447042588679
1.25,1.14788735772974
1.26,1.15107045659158
1.27,1.15425355545341
1.28,1.15743665431525
1.29,1.16061975317709
1.3,1.16380285203893
1.31,1.16698595090077
1.32,1.1701690497626
1.33,1.17335214862444
1.34,1.17653524748628
1.35,1.17971834634812
1.36,1.18290144520996
1.37,1.18608454407179
1.38,1.18926764293363
1.39,1.19245074179547
1.4,1.19563384065731
1.41,1.19881693951914
1.42,1.20200003838098
1.43,1.20518313724282
1.44,1.20836623610466
1.45,1.2115493349665
1.46,1.21473243382833
1.47,1.21791553269017
1.48,1.22109863155201
1.49,1.22428173041385
1.5,1.22746482927569
1.51,1.23064792813752
1.52,1.23383102699936
1.53,1.2370141258612
1.54,1.24019722472304
1.55,1.24338032358488
1.56,1.24656342244671
1.57,1.24974652130855
1.58,1.25292962017039
1.59,1.25611271903223
1.6,1.25929581789407
1.61,1.2624789167559
1.62,1.26566201561774
1.63,1.26884511447958
1.64,1.27202821334142
1.65,1.27521131220325
1.66,1.27839441106509
1.67,1.28157750992693
1.68,1.28476060878877
1.69,1.28794370765061
1.7,1.29112680651244
1.71,1.29430990537428
1.72,1.29749300423612
1.73,1.30067610309796
1.74,1.3038592019598
1.75,1.30704230082163
1.76,1.31022539968347
1.77,1.31340849854531
1.78,1.31659159740715
1.79,1.31977469626899
1.8,1.32295779513082
1.81,1.32614089399266
1.82,1.3293239928545
1.83,1.33250709171634
1.84,1.33569019057818
1.85,1.33887328944001
1.86,1.34205638830185
1.87,1.34523948716369
1.88,1.34842258602553
1.89,1.35160568488736
1.9,1.3547887837492
1.91,1.35797188261104
1.92,1.36115498147288
1.93,1.36433808033472
1.94,1.36752117919655
1.95,1.37070427805839
1.96,1.37388737692023
1.97,1.37707047578207
1.98,1.38025357464391
1.99,1.38343667350574
2,1.38661977236758
2.01,1.38980287122942
2.02,1.39298597009126
2.03,1.3961690689531
2.04,1.39935216781493
2.05,1.40253526667677
2.06,1.40571836553861
2.07,1.40890146440045
2.08,1.41208456326228
2.09,1.41526766212412
2.1,1.41845076098596
2.11,1.4216338598478
2.12,1.42481695870964
2.13,1.42800005757147
2.14,1.43118315643331
2.15,1.43436625529515
2.16,1.43754935415699
2.17,1.44073245301883
2.18,1.44391555188066
2.19,1.4470986507425
2.2,1.45028174960434
2.21,1.45346484846618
2.22,1.45664794732802
2.23,1.45983104618985
2.24,1.46301414505169
2.25,1.46619724391353
2.26,1.46938034277537
2.27,1.4725634416372
2.28,1.47574654049904
2.29,1.47892963936088
2.3,1.48211273822272
2.31,1.48529583708456
2.32,1.48847893594639
2.33,1.49166203480823
2.34,1.49484513367007
2.35,1.49802823253191
2.36,1.50121133139375
2.37,1.50439443025558
2.38,1.50757752911742
2.39,1.51076062797926
2.4,1.5139437268411
2.41,1.51712682570294
2.42,1.52030992456477
2.43,1.52349302342661
2.44,1.52667612228845
2.45,1.52985922115029
2.46,1.53304232001213
2.47,1.53622541887396
2.48,1.5394085177358
2.49,1.54259161659764
2.5,1.54577471545948
2.51,1.54895781432131
2.52,1.55214091318315
2.53,1.55532401204499
2.54,1.55850711090683
2.55,1.56169020976867
2.56,1.5648733086305
2.57,1.56805640749234
2.58,1.57123950635418
2.59,1.57442260521602
2.6,1.57760570407786
2.61,1.58078880293969
2.62,1.58397190180153
2.63,1.58715500066337
2.64,1.59033809952521
2.65,1.59352119838705
2.66,1.59670429724888
2.67,1.59988739611072
2.68,1.60307049497256
2.69,1.6062535938344
2.7,1.60943669269623
2.71,1.61261979155807
2.72,1.61580289041991
2.73,1.61898598928175
2.74,1.62216908814359
2.75,1.62535218700542
2.76,1.62853528586726
2.77,1.6317183847291
2.78,1.63490148359094
2.79,1.63808458245278
2.8,1.64126768131461
2.81,1.64445078017645
2.82,1.64763387903829
2.83,1.65081697790013
2.84,1.65400007676197
2.85,1.6571831756238
2.86,1.66036627448564
2.87,1.66354937334748
2.88,1.66673247220932
2.89,1.66991557107116
2.9,1.67309866993299
2.91,1.67628176879483
2.92,1.67946486765667
2.93,1.68264796651851
2.94,1.68583106538034
2.95,1.68901416424218
2.96,1.69219726310402
2.97,1.69538036196586
2.98,1.6985634608277
2.99,1.70174655968953
3,1.70492965855137
3.01,1.70811275741321
3.02,1.71129585627505
3.03,1.71447895513689
3.04,1.71766205399872
3.05,1.72084515286056
3.06,1.7240282517224
3.07,1.72721135058424
3.08,1.73039444944608
3.09,1.73357754830791
3.1,1.73676064716975
3.11,1.73994374603159
3.12,1.74312684489343
3.13,1.74630994375526
3.14,1.7494930426171
3.15,1.74732385852106
3.16,1.74414075965922
3.17,1.74095766079738
3.18,1.73777456193555
3.19,1.73459146307371
3.2,1.73140836421187
3.21,1.72822526535003
3.22,1.72504216648819
3.23,1.72185906762636
3.24,1.71867596876452
3.25,1.71549286990268
3.26,1.71230977104084
3.27,1.709126672179
3.28,1.70594357331717
3.29,1.70276047445533
3.3,1.69957737559349
3.31,1.69639427673165
3.32,1.69321117786981
3.33,1.69002807900798
3.34,1.68684498014614
3.35,1.6836618812843
3.36,1.68047878242246
3.37,1.67729568356063
3.38,1.67411258469879
3.39,1.67092948583695
3.4,1.66774638697511
3.41,1.66456328811327
3.42,1.66138018925144
3.43,1.6581970903896
3.44,1.65501399152776
3.45,1.65183089266592
3.46,1.64864779380408
3.47,1.64546469494225
3.48,1.64228159608041
3.49,1.63909849721857
3.5,1.63591539835673
3.51,1.63273229949489
3.52,1.62954920063306
3.53,1.62636610177122
3.54,1.62318300290938
3.55,1.61999990404754
3.56,1.61681680518571
3.57,1.61363370632387
3.58,1.61045060746203
3.59,1.60726750860019
3.6,1.60408440973835
3.61,1.60090131087652
3.62,1.59771821201468
3.63,1.59453511315284
3.64,1.591352014291
3.65,1.58816891542916
3.66,1.58498581656733
3.67,1.58180271770549
3.68,1.57861961884365
3.69,1.57543651998181
3.7,1.57225342111997
3.71,1.56907032225814
3.72,1.5658872233963
3.73,1.56270412453446
3.74,1.55952102567262
3.75,1.55633792681078
3.76,1.55315482794895
3.77,1.54997172908711
3.78,1.54678863022527
3.79,1.54360553136343
3.8,1.5404224325016
3.81,1.53723933363976
3.82,1.53405623477792
3.83,1.53087313591608
3.84,1.52769003705424
3.85,1.52450693819241
3.86,1.52132383933057
3.87,1.51814074046873
3.88,1.51495764160689
3.89,1.51177454274505
3.9,1.50859144388322
3.91,1.50540834502138
3.92,1.50222524615954
3.93,1.4990421472977
3.94,1.49585904843586
3.95,1.49267594957403
3.96,1.48949285071219
3.97,1.48630975185035
3.98,1.48312665298851
3.99,1.47994355412667
4,1.47676045526484
4.01,1.473577356403
4.02,1.47039425754116
4.03,1.46721115867932
4.04,1.46402805981749
4.05,1.46084496095565
4.06,1.45766186209381
4.07,1.45447876323197
4.08,1.45129566437013
4.09,1.4481125655083
4.1,1.44492946664646
4.11,1.44174636778462
4.12,1.43856326892278
4.13,1.43538017006094
4.14,1.43219707119911
4.15,1.42901397233727
4.16,1.42583087347543
4.17,1.42264777461359
4.18,1.41946467575176
4.19,1.41628157688992
4.2,1.41309847802808
4.21,1.40991537916624
4.22,1.4067322803044
4.23,1.40354918144257
4.24,1.40036608258073
4.25,1.39718298371889
4.26,1.39399988485705
4.27,1.39081678599521
4.28,1.38763368713338
4.29,1.38445058827154
4.3,1.3812674894097
4.31,1.37808439054786
4.32,1.37490129168602
4.33,1.37171819282419
4.34,1.36853509396235
4.35,1.36535199510051
4.36,1.36216889623867
4.37,1.35898579737683
4.38,1.355802698515
4.39,1.35261959965316
4.4,1.34943650079132
4.41,1.34625340192948
4.42,1.34307030306765
4.43,1.33988720420581
4.44,1.33670410534397
4.45,1.33352100648213
4.46,1.33033790762029
4.47,1.32715480875846
4.48,1.32397170989662
4.49,1.32078861103478
4.5,1.31760551217294
4.51,1.3144224133111
4.52,1.31123931444927
4.53,1.30805621558743
4.54,1.30487311672559
4.55,1.30169001786375
4.56,1.29850691900191
4.57,1.29532382014008
4.58,1.29214072127824
4.59,1.2889576224164
4.6,1.28577452355456
4.61,1.28259142469272
4.62,1.27940832583089
4.63,1.27622522696905
4.64,1.27304212810721
4.65,1.26985902924537
4.66,1.26667593038354
4.67,1.2634928315217
4.68,1.26030973265986
4.69,1.25712663379802
4.7,1.25394353493618
4.71,1.25076043607435
4.72,1.24757733721251
4.73,1.24439423835067
4.74,1.24121113948883
4.75,1.23802804062699
4.76,1.23484494176516
4.77,1.23166184290332
4.78,1.22847874404148
4.79,1.22529564517964
4.8,1.2221125463178
4.81,1.21892944745597
4.82,1.21574634859413
4.83,1.21256324973229
4.84,1.20938015087045
4.85,1.20619705200861
4.86,1.20301395314678
4.87,1.19983085428494
4.88,1.1966477554231
4.89,1.19346465656126
4.9,1.19028155769943
4.91,1.18709845883759
4.92,1.18391535997575
4.93,1.18073226111391
4.94,1.17754916225207
4.95,1.17436606339024
4.96,1.1711829645284
4.97,1.16799986566656
4.98,1.16481676680472
4.99,1.16163366794288
5,1.15845056908105
5.01,1.15526747021921
5.02,1.15208437135737
5.03,1.14890127249553
5.04,1.14571817363369
5.05,1.14253507477186
5.06,1.13935197591002
5.07,1.13616887704818
5.08,1.13298577818634
5.09,1.12980267932451
5.1,1.12661958046267
5.11,1.12343648160083
5.12,1.12025338273899
5.13,1.11707028387715
5.14,1.11388718501532
5.15,1.11070408615348
5.16,1.10752098729164
5.17,1.1043378884298
5.18,1.10115478956796
5.19,1.09797169070613
5.2,1.09478859184429
5.21,1.09160549298245
5.22,1.08842239412061
5.23,1.08523929525877
5.24,1.08205619639694
5.25,1.0788730975351
5.26,1.07568999867326
5.27,1.07250689981142
5.28,1.06932380094959
5.29,1.06614070208775
5.3,1.06295760322591
5.31,1.05977450436407
5.32,1.05659140550223
5.33,1.0534083066404
5.34,1.05022520777856
5.35,1.04704210891672
5.36,1.04385901005488
5.37,1.04067591119304
5.38,1.03749281233121
5.39,1.03430971346937
5.4,1.03112661460753
5.41,1.02794351574569
5.42,1.02476041688385
5.43,1.02157731802202
5.44,1.01839421916018
5.45,1.01521112029834
5.46,1.0120280214365
5.47,1.00884492257466
5.48,1.00566182371283
5.49,1.00247872485099
5.5,0.999295625989151
5.51,0.996112527127313
5.52,0.992929428265475
5.53,0.989746329403637
5.54,0.9865632305418
5.55,0.983380131679962
5.56,0.980197032818124
5.57,0.977013933956286
5.58,0.973830835094448
5.59,0.97064773623261
5.6,0.967464637370772
5.61,0.964281538508934
5.62,0.961098439647096
5.63,0.957915340785259
5.64,0.954732241923421
5.65,0.951549143061583
5.66,0.948366044199745
5.67,0.945182945337907
5.68,0.941999846476069
5.69,0.938816747614231
5.7,0.935633648752393
5.71,0.932450549890555
5.72,0.929267451028717
5.73,0.926084352166879
5.74,0.922901253305041
5.75,0.919718154443204
5.76,0.916535055581366
5.77,0.913351956719528
5.78,0.91016885785769
5.79,0.906985758995852
5.8,0.903802660134014
5.81,0.900619561272176
5.82,0.897436462410338
5.83,0.8942533635485
5.84,0.891070264686662
5.85,0.887887165824824
5.86,0.884704066962986
5.87,0.881520968101149
5.88,0.878337869239311
5.89,0.875154770377473
5.9,0.871971671515635
5.91,0.868788572653797
5.92,0.865605473791959
5.93,0.862422374930121
5.94,0.859239276068283
5.95,0.856056177206445
5.96,0.852873078344607
5.97,0.84968997948277
5.98,0.846506880620931
5.99,0.843323781759094
6,0.840140682897256
6.01,0.836957584035418
6.02,0.83377448517358
6.03,0.830591386311742
6.04,0.827408287449904
6.05,0.824225188588066
6.06,0.821042089726228
6.07,0.817858990864391
6.08,0.814675892002553
6.09,0.811492793140715
6.1,0.808309694278877
6.11,0.805126595417039
6.12,0.801943496555201
6.13,0.798760397693363
6.14,0.795577298831525
6.15,0.792394199969687
6.16,0.789211101107849
6.17,0.786028002246012
6.18,0.782844903384174
6.19,0.779661804522336
6.2,0.776478705660498
6.21,0.77329560679866
6.22,0.770112507936822
6.23,0.766929409074984
6.24,0.763746310213146
6.25,0.760563211351308
6.26,0.75738011248947
6.27,0.754197013627632
6.28,0.751013914765794
6.29,0.752169184096043
6.3,0.755352282957881
6.31,0.758535381819719
6.32,0.761718480681557
6.33,0.764901579543395
6.34,0.768084678405233
6.35,0.771267777267071
6.36,0.774450876128909
6.37,0.777633974990747
6.38,0.780817073852585
6.39,0.784000172714423
6.4,0.787183271576261
6.41,0.790366370438098
6.42,0.793549469299936
6.43,0.796732568161774
6.44,0.799915667023612
6.45,0.80309876588545
6.46,0.806281864747288
6.47,0.809464963609126
6.48,0.812648062470964
6.49,0.815831161332802
6.5,0.81901426019464
6.51,0.822197359056477
6.52,0.825380457918315
6.53,0.828563556780153
6.54,0.831746655641991
6.55,0.834929754503829
6.56,0.838112853365667
6.57,0.841295952227505
6.58,0.844479051089343
6.59,0.84766214995118
6.6,0.850845248813019
6.61,0.854028347674856
6.62,0.857211446536694
6.63,0.860394545398532
6.64,0.86357764426037
6.65,0.866760743122208
6.66,0.869943841984046
6.67,0.873126940845884
6.68,0.876310039707722
6.69,0.87949313856956
6.7,0.882676237431398
6.71,0.885859336293235
6.72,0.889042435155073
6.73,0.892225534016911
6.74,0.895408632878749
6.75,0.898591731740587
6.76,0.901774830602425
6.77,0.904957929464263
6.78,0.908141028326101
6.79,0.911324127187939
6.8,0.914507226049777
6.81,0.917690324911615
6.82,0.920873423773453
6.83,0.92405652263529
6.84,0.927239621497128
6.85,0.930422720358966
6.86,0.933605819220804
6.87,0.936788918082642
6.88,0.93997201694448
6.89,0.943155115806318
6.9,0.946338214668156
6.91,0.949521313529994
6.92,0.952704412391832
6.93,0.955887511253669
6.94,0.959070610115508
6.95,0.962253708977345
6.96,0.965436807839183
6.97,0.968619906701021
6.98,0.971803005562859
6.99,0.974986104424697
7,0.978169203286535
7.01,0.981352302148373
7.02,0.984535401010211
7.03,0.987718499872049
7.04,0.990901598733886
7.05,0.994084697595724
7.06,0.997267796457562
7.07,1.0004508953194
7.08,1.00363399418124
7.09,1.00681709304308
7.1,1.01000019190491
7.11,1.01318329076675
7.12,1.01636638962859
7.13,1.01954948849043
7.14,1.02273258735227
7.15,1.0259156862141
7.16,1.02909878507594
7.17,1.03228188393778
7.18,1.03546498279962
7.19,1.03864808166146
7.2,1.04183118052329
7.21,1.04501427938513
7.22,1.04819737824697
7.23,1.05138047710881
7.24,1.05456357597064
7.25,1.05774667483248
7.26,1.06092977369432
7.27,1.06411287255616
7.28,1.067295971418
7.29,1.07047907027983
7.3,1.07366216914167
7.31,1.07684526800351
7.32,1.08002836686535
7.33,1.08321146572719
7.34,1.08639456458902
7.35,1.08957766345086
7.36,1.0927607623127
7.37,1.09594386117454
7.38,1.09912696003638
7.39,1.10231005889821
7.4,1.10549315776005
7.41,1.10867625662189
7.42,1.11185935548373
7.43,1.11504245434556
7.44,1.1182255532074
7.45,1.12140865206924
7.46,1.12459175093108
7.47,1.12777484979292
7.48,1.13095794865475
7.49,1.13414104751659
7.5,1.13732414637843
7.51,1.14050724524027
7.52,1.14369034410211
7.53,1.14687344296394
7.54,1.15005654182578
7.55,1.15323964068762
7.56,1.15642273954946
7.57,1.1596058384113
7.58,1.16278893727313
7.59,1.16597203613497
7.6,1.16915513499681
7.61,1.17233823385865
7.62,1.17552133272048
7.63,1.17870443158232
7.64,1.18188753044416
7.65,1.185070629306
7.66,1.18825372816784
7.67,1.19143682702967
7.68,1.19461992589151
7.69,1.19780302475335
7.7,1.20098612361519
7.71,1.20416922247703
7.72,1.20735232133886
7.73,1.2105354202007
7.74,1.21371851906254
7.75,1.21690161792438
7.76,1.22008471678622
7.77,1.22326781564805
7.78,1.22645091450989
7.79,1.22963401337173
7.8,1.23281711223357
7.81,1.23600021109541
7.82,1.23918330995724
7.83,1.24236640881908
7.84,1.24554950768092
7.85,1.24873260654276
7.86,1.25191570540459
7.87,1.25509880426643
7.88,1.25828190312827
7.89,1.26146500199011
7.9,1.26464810085195
7.91,1.26783119971378
7.92,1.27101429857562
7.93,1.27419739743746
7.94,1.2773804962993
7.95,1.28056359516114
7.96,1.28374669402297
7.97,1.28692979288481
7.98,1.29011289174665
7.99,1.29329599060849
8,1.29647908947033
8.01,1.29966218833216
8.02,1.302845287194
8.03,1.30602838605584
8.04,1.30921148491768
8.05,1.31239458377952
8.06,1.31557768264135
8.07,1.31876078150319
8.08,1.32194388036503
8.09,1.32512697922687
8.1,1.3283100780887
8.11,1.33149317695054
8.12,1.33467627581238
8.13,1.33785937467422
8.14,1.34104247353606
8.15,1.34422557239789
8.16,1.34740867125973
8.17,1.35059177012157
8.18,1.35377486898341
8.19,1.35695796784525
8.2,1.36014106670708
8.21,1.36332416556892
8.22,1.36650726443076
8.23,1.3696903632926
8.24,1.37287346215444
8.25,1.37605656101627
8.26,1.37923965987811
8.27,1.38242275873995
8.28,1.38560585760179
8.29,1.38878895646363
8.3,1.39197205532546
8.31,1.3951551541873
8.32,1.39833825304914
8.33,1.40152135191098
8.34,1.40470445077281
8.35,1.40788754963465
8.36,1.41107064849649
8.37,1.41425374735833
8.38,1.41743684622017
8.39,1.420619945082
8.4,1.42380304394384
8.41,1.42698614280568
8.42,1.43016924166752
8.43,1.43335234052936
8.44,1.43653543939119
8.45,1.43971853825303
8.46,1.44290163711487
8.47,1.44608473597671
8.48,1.44926783483855
8.49,1.45245093370038
8.5,1.45563403256222
8.51,1.45881713142406
8.52,1.4620002302859
8.53,1.46518332914773
8.54,1.46836642800957
8.55,1.47154952687141
8.56,1.47473262573325
8.57,1.47791572459509
8.58,1.48109882345692
8.59,1.48428192231876
8.6,1.4874650211806
8.61,1.49064812004244
8.62,1.49383121890428
8.63,1.49701431776611
8.64,1.50019741662795
8.65,1.50338051548979
8.66,1.50656361435163
8.67,1.50974671321347
8.68,1.5129298120753
8.69,1.51611291093714
8.7,1.51929600979898
8.71,1.52247910866082
8.72,1.52566220752266
8.73,1.52884530638449
8.74,1.53202840524633
8.75,1.53521150410817
8.76,1.53839460297001
8.77,1.54157770183184
8.78,1.54476080069368
8.79,1.54794389955552
8.8,1.55112699841736
8.81,1.5543100972792
8.82,1.55749319614103
8.83,1.56067629500287
8.84,1.56385939386471
8.85,1.56704249272655
8.86,1.57022559158839
8.87,1.57340869045022
8.88,1.57659178931206
8.89,1.5797748881739
8.9,1.58295798703574
8.91,1.58614108589758
8.92,1.58932418475941
8.93,1.59250728362125
8.94,1.59569038248309
8.95,1.59887348134493
8.96,1.60205658020676
8.97,1.6052396790686
8.98,1.60842277793044
8.99,1.61160587679228
9,1.61478897565412
9.01,1.61797207451595
9.02,1.62115517337779
9.03,1.62433827223963
9.04,1.62752137110147
9.05,1.63070446996331
9.06,1.63388756882514
9.07,1.63707066768698
9.08,1.64025376654882
9.09,1.64343686541066
9.1,1.6466199642725
9.11,1.64980306313433
9.12,1.65298616199617
9.13,1.65616926085801
9.14,1.65935235971985
9.15,1.66253545858168
9.16,1.66571855744352
9.17,1.66890165630536
9.18,1.6720847551672
9.19,1.67526785402904
9.2,1.67845095289087
9.21,1.68163405175271
9.22,1.68481715061455
9.23,1.68800024947639
9.24,1.69118334833823
9.25,1.69436644720006
9.26,1.6975495460619
9.27,1.70073264492374
9.28,1.70391574378558
9.29,1.70709884264742
9.3,1.71028194150925
9.31,1.71346504037109
9.32,1.71664813923293
9.33,1.71983123809477
9.34,1.7230143369566
9.35,1.72619743581844
9.36,1.72938053468028
9.37,1.73256363354212
9.38,1.73574673240396
9.39,1.73892983126579
9.4,1.74211293012763
9.41,1.74529602898947
9.42,1.74847912785131
9.43,1.74833777328685
9.44,1.74515467442502
9.45,1.74197157556318
9.46,1.73878847670134
9.47,1.7356053778395
9.48,1.73242227897766
9.49,1.72923918011583
9.5,1.72605608125399
9.51,1.72287298239215
9.52,1.71968988353031
9.53,1.71650678466847
9.54,1.71332368580664
9.55,1.7101405869448
9.56,1.70695748808296
9.57,1.70377438922112
9.58,1.70059129035929
9.59,1.69740819149745
9.6,1.69422509263561
9.61,1.69104199377377
9.62,1.68785889491193
9.63,1.6846757960501
9.64,1.68149269718826
9.65,1.67830959832642
9.66,1.67512649946458
9.67,1.67194340060274
9.68,1.66876030174091
9.69,1.66557720287907
9.7,1.66239410401723
9.71,1.65921100515539
9.72,1.65602790629355
9.73,1.65284480743172
9.74,1.64966170856988
9.75,1.64647860970804
9.76,1.6432955108462
9.77,1.64011241198437
9.78,1.63692931312253
9.79,1.63374621426069
9.8,1.63056311539885
9.81,1.62738001653701
9.82,1.62419691767518
9.83,1.62101381881334
9.84,1.6178307199515
9.85,1.61464762108966
9.86,1.61146452222782
9.87,1.60828142336599
9.88,1.60509832450415
9.89,1.60191522564231
9.9,1.59873212678047
9.91,1.59554902791863
9.92,1.5923659290568
9.93,1.58918283019496
9.94,1.58599973133312
9.95,1.58281663247128
9.96,1.57963353360944
9.97,1.57645043474761
9.98,1.57326733588577
9.99,1.57008423702393
10,1.56690113816209
10.01,1.56371803930026
10.02,1.56053494043842
10.03,1.55735184157658
10.04,1.55416874271474
10.05,1.5509856438529
10.06,1.54780254499107
10.07,1.54461944612923
10.08,1.54143634726739
10.09,1.53825324840555
10.1,1.53507014954371
10.11,1.53188705068188
10.12,1.52870395182004
10.13,1.5255208529582
10.14,1.52233775409636
10.15,1.51915465523452
10.16,1.51597155637269
10.17,1.51278845751085
10.18,1.50960535864901
10.19,1.50642225978717
10.2,1.50323916092533
10.21,1.5000560620635
10.22,1.49687296320166
10.23,1.49368986433982
10.24,1.49050676547798
10.25,1.48732366661615
10.26,1.48414056775431
10.27,1.48095746889247
10.28,1.47777437003063
10.29,1.47459127116879
10.3,1.47140817230696
10.31,1.46822507344512
10.32,1.46504197458328
10.33,1.46185887572144
10.34,1.4586757768596
10.35,1.45549267799777
10.36,1.45230957913593
10.37,1.44912648027409
10.38,1.44594338141225
10.39,1.44276028255041
10.4,1.43957718368858
10.41,1.43639408482674
10.42,1.4332109859649
10.43,1.43002788710306
10.44,1.42684478824123
10.45,1.42366168937939
10.46,1.42047859051755
10.47,1.41729549165571
10.48,1.41411239279387
10.49,1.41092929393204
10.5,1.4077461950702
10.51,1.40456309620836
10.52,1.40137999734652
10.53,1.39819689848468
10.54,1.39501379962285
10.55,1.39183070076101
10.56,1.38864760189917
10.57,1.38546450303733
10.58,1.38228140417549
10.59,1.37909830531366
10.6,1.37591520645182
10.61,1.37273210758998
10.62,1.36954900872814
10.63,1.3663659098663
10.64,1.36318281100447
10.65,1.35999971214263
10.66,1.35681661328079
10.67,1.35363351441895
10.68,1.35045041555712
10.69,1.34726731669528
10.7,1.34408421783344
10.71,1.3409011189716
10.72,1.33771802010976
10.73,1.33453492124793
10.74,1.33135182238609
10.75,1.32816872352425
10.76,1.32498562466241
10.77,1.32180252580057
10.78,1.31861942693874
10.79,1.3154363280769
10.8,1.31225322921506
10.81,1.30907013035322
10.82,1.30588703149138
10.83,1.30270393262955
10.84,1.29952083376771
10.85,1.29633773490587
10.86,1.29315463604403
10.87,1.28997153718219
10.88,1.28678843832036
10.89,1.28360533945852
10.9,1.28042224059668
10.91,1.27723914173484
10.92,1.27405604287301
10.93,1.27087294401117
10.94,1.26768984514933
10.95,1.26450674628749
10.96,1.26132364742565
10.97,1.25814054856382
10.98,1.25495744970198
10.99,1.25177435084014
11,1.2485912519783
11.01,1.24540815311646
11.02,1.24222505425463
11.03,1.23904195539279
11.04,1.23585885653095
11.05,1.23267575766911
11.06,1.22949265880727
11.07,1.22630955994544
11.08,1.2231264610836
11.09,1.21994336222176
11.1,1.21676026335992
11.11,1.21357716449809
11.12,1.21039406563625
11.13,1.20721096677441
11.14,1.20402786791257
11.15,1.20084476905073
11.16,1.1976616701889
11.17,1.19447857132706
11.18,1.19129547246522
11.19,1.18811237360338
11.2,1.18492927474154
11.21,1.18174617587971
11.22,1.17856307701787
11.23,1.17537997815603
11.24,1.17219687929419
11.25,1.16901378043235
11.26,1.16583068157052
11.27,1.16264758270868
11.28,1.15946448384684
11.29,1.156281384985
11.3,1.15309828612317
11.31,1.14991518726133
11.32,1.14673208839949
11.33,1.14354898953765
11.34,1.14036589067581
11.35,1.13718279181398
11.36,1.13399969295214
11.37,1.1308165940903
11.38,1.12763349522846
11.39,1.12445039636662
11.4,1.12126729750479
11.41,1.11808419864295
11.42,1.11490109978111
11.43,1.11171800091927
11.44,1.10853490205743
11.45,1.1053518031956
11.46,1.10216870433376
11.47,1.09898560547192
11.48,1.09580250661008
11.49,1.09261940774824
11.5,1.08943630888641
11.51,1.08625321002457
11.52,1.08307011116273
11.53,1.07988701230089
11.54,1.07670391343906
11.55,1.07352081457722
11.56,1.07033771571538
11.57,1.06715461685354
11.58,1.0639715179917
11.59,1.06078841912987
11.6,1.05760532026803
11.61,1.05442222140619
11.62,1.05123912254435
11.63,1.04805602368251
11.64,1.04487292482068
11.65,1.04168982595884
11.66,1.038506727097
11.67,1.03532362823516
11.68,1.03214052937332
11.69,1.02895743051149
11.7,1.02577433164965
11.71,1.02259123278781
11.72,1.01940813392597
11.73,1.01622503506414
11.74,1.0130419362023
11.75,1.00985883734046
11.76,1.00667573847862
11.77,1.00349263961678
11.78,1.00030954075495
11.79,0.997126441893107
11.8,0.99394334303127
11.81,0.990760244169432
11.82,0.987577145307594
11.83,0.984394046445756
11.84,0.981210947583918
11.85,0.97802784872208
11.86,0.974844749860243
11.87,0.971661650998404
11.88,0.968478552136566
11.89,0.965295453274729
11.9,0.962112354412891
11.91,0.958929255551053
11.92,0.955746156689215
11.93,0.952563057827377
11.94,0.949379958965539
11.95,0.946196860103701
11.96,0.943013761241863
11.97,0.939830662380025
11.98,0.936647563518187
11.99,0.93346446465635
12,0.930281365794512
12.01,0.927098266932674
12.02,0.923915168070836
12.03,0.920732069208998
12.04,0.91754897034716
12.05,0.914365871485322
12.06,0.911182772623484
12.07,0.907999673761646
12.08,0.904816574899808
12.09,0.901633476037971
12.1,0.898450377176133
12.11,0.895267278314295
12.12,0.892084179452457
12.13,0.888901080590619
12.14,0.885717981728781
12.15,0.882534882866943
12.16,0.879351784005105
12.17,0.876168685143267
12.18,0.87298558628143
12.19,0.869802487419592
12.2,0.866619388557753
12.21,0.863436289695915
12.22,0.860253190834078
12.23,0.85707009197224
12.24,0.853886993110402
12.25,0.850703894248564
12.26,0.847520795386726
12.27,0.844337696524888
12.28,0.84115459766305
12.29,0.837971498801212
12.3,0.834788399939374
12.31,0.831605301077536
12.32,0.828422202215699
12.33,0.825239103353861
12.34,0.822056004492023
12.35,0.818872905630185
12.36,0.815689806768347
12.37,0.812506707906509
12.38,0.809323609044671
12.39,0.806140510182833
12.4,0.802957411320995
12.41,0.799774312459157
12.42,0.79659121359732
12.43,0.793408114735482
12.44,0.790225015873644
12.45,0.787041917011806
12.46,0.783858818149968
12.47,0.78067571928813
12.48,0.777492620426292
12.49,0.774309521564454
12.5,0.771126422702616
12.51,0.767943323840778
12.52,0.764760224978941
12.53,0.761577126117102
12.54,0.758394027255265
12.55,0.755210928393427
12.56,0.752027829531589
12.57,0.751155269330249
12.58,0.754338368192087
12.59,0.757521467053925
12.6,0.760704565915763
12.61,0.7638876647776
12.62,0.767070763639439
12.63,0.770253862501277
12.64,0.773436961363114
12.65,0.776620060224952
12.66,0.77980315908679
12.67,0.782986257948628
12.68,0.786169356810466
12.69,0.789352455672304
12.7,0.792535554534142
12.71,0.79571865339598
12.72,0.798901752257818
12.73,0.802084851119656
12.74,0.805267949981493
12.75,0.808451048843331
12.76,0.811634147705169
12.77,0.814817246567007
12.78,0.818000345428845
12.79,0.821183444290683
12.8,0.824366543152521
12.81,0.827549642014359
12.82,0.830732740876197
12.83,0.833915839738035
12.84,0.837098938599872
12.85,0.84028203746171
12.86,0.843465136323548
12.87,0.846648235185386
12.88,0.849831334047224
12.89,0.853014432909062
12.9,0.8561975317709
12.91,0.859380630632738
12.92,0.862563729494576
12.93,0.865746828356413
12.94,0.868929927218251
12.95,0.87211302608009
12.96,0.875296124941928
12.97,0.878479223803765
12.98,0.881662322665603
12.99,0.884845421527441
13,0.888028520389279
13.01,0.891211619251117
13.02,0.894394718112955
13.03,0.897577816974793
13.04,0.900760915836631
13.05,0.903944014698469
13.06,0.907127113560307
13.07,0.910310212422144
13.08,0.913493311283982
13.09,0.91667641014582
13.1,0.919859509007658
13.11,0.923042607869496
13.12,0.926225706731334
13.13,0.929408805593172
13.14,0.93259190445501
13.15,0.935775003316848
13.16,0.938958102178685
13.17,0.942141201040523
13.18,0.945324299902361
13.19,0.948507398764199
13.2,0.951690497626037
13.21,0.954873596487875
13.22,0.958056695349713
13.23,0.961239794211551
13.24,0.964422893073389
13.25,0.967605991935227
13.26,0.970789090797064
13.27,0.973972189658902
13.28,0.977155288520741
13.29,0.980338387382579
13.3,0.983521486244416
13.31,0.986704585106254
13.32,0.989887683968092
13.33,0.99307078282993
13.34,0.996253881691768
13.35,0.999436980553606
13.36,1.00262007941544
13.37,1.00580317827728
13.38,1.00898627713912
13.39,1.01216937600096
13.4,1.0153524748628
13.41,1.01853557372463
13.42,1.02171867258647
13.43,1.02490177144831
13.44,1.02808487031015
13.45,1.03126796917199
13.46,1.03445106803382
13.47,1.03763416689566
13.48,1.0408172657575
13.49,1.04400036461934
13.5,1.04718346348117
13.51,1.05036656234301
13.52,1.05354966120485
13.53,1.05673276006669
13.54,1.05991585892853
13.55,1.06309895779036
13.56,1.0662820566522
13.57,1.06946515551404
13.58,1.07264825437588
13.59,1.07583135323772
13.6,1.07901445209955
13.61,1.08219755096139
13.62,1.08538064982323
13.63,1.08856374868507
13.64,1.09174684754691
13.65,1.09492994640874
13.66,1.09811304527058
13.67,1.10129614413242
13.68,1.10447924299426
13.69,1.10766234185609
13.7,1.11084544071793
13.71,1.11402853957977
13.72,1.11721163844161
13.73,1.12039473730345
13.74,1.12357783616528
13.75,1.12676093502712
13.76,1.12994403388896
13.77,1.1331271327508
13.78,1.13631023161264
13.79,1.13949333047447
13.8,1.14267642933631
13.81,1.14585952819815
13.82,1.14904262705999
13.83,1.15222572592183
13.84,1.15540882478366
13.85,1.1585919236455
13.86,1.16177502250734
13.87,1.16495812136918
13.88,1.16814122023102
13.89,1.17132431909285
13.9,1.17450741795469
13.91,1.17769051681653
13.92,1.18087361567837
13.93,1.1840567145402
13.94,1.18723981340204
13.95,1.19042291226388
13.96,1.19360601112572
13.97,1.19678910998756
13.98,1.19997220884939
13.99,1.20315530771123
14,1.20633840657307
14.01,1.20952150543491
14.02,1.21270460429675
14.03,1.21588770315858
14.04,1.21907080202042
14.05,1.22225390088226
14.06,1.2254369997441
14.07,1.22862009860594
14.08,1.23180319746777
14.09,1.23498629632961
14.1,1.23816939519145
14.11,1.24135249405329
14.12,1.24453559291512
14.13,1.24771869177696
14.14,1.2509017906388
14.15,1.25408488950064
14.16,1.25726798836248
14.17,1.26045108722431
14.18,1.26363418608615
14.19,1.26681728494799
14.2,1.27000038380983
14.21,1.27318348267167
14.22,1.2763665815335
14.23,1.27954968039534
14.24,1.28273277925718
14.25,1.28591587811902
14.26,1.28909897698085
14.27,1.29228207584269
14.28,1.29546517470453
14.29,1.29864827356637
14.3,1.30183137242821
14.31,1.30501447129004
14.32,1.30819757015188
14.33,1.31138066901372
14.34,1.31456376787556
14.35,1.3177468667374
14.36,1.32092996559923
14.37,1.32411306446107
14.38,1.32729616332291
14.39,1.33047926218475
14.4,1.33366236104659
14.41,1.33684545990842
14.42,1.34002855877026
14.43,1.3432116576321
14.44,1.34639475649394
14.45,1.34957785535578
14.46,1.35276095421761
14.47,1.35594405307945
14.48,1.35912715194129
14.49,1.36231025080313
14.5,1.36549334966496
14.51,1.3686764485268
14.52,1.37185954738864
14.53,1.37504264625048
14.54,1.37822574511232
14.55,1.38140884397415
14.56,1.38459194283599
14.57,1.38777504169783
14.58,1.39095814055967
14.59,1.39414123942151
14.6,1.39732433828334
14.61,1.40050743714518
14.62,1.40369053600702
14.63,1.40687363486886
14.64,1.4100567337307
14.65,1.41323983259253
14.66,1.41642293145437
14.67,1.41960603031621
14.68,1.42278912917805
14.69,1.42597222803988
14.7,1.42915532690172
14.71,1.43233842576356
14.72,1.4355215246254
14.73,1.43870462348724
14.74,1.44188772234907
14.75,1.44507082121091
14.76,1.44825392007275
14.77,1.45143701893459
14.78,1.45462011779643
14.79,1.45780321665826
14.8,1.4609863155201
14.81,1.46416941438194
14.82,1.46735251324378
14.83,1.47053561210562
14.84,1.47371871096745
14.85,1.47690180982929
14.86,1.48008490869113
14.87,1.48326800755297
14.88,1.48645110641481
14.89,1.48963420527664
14.9,1.49281730413848
14.91,1.49600040300032
14.92,1.49918350186216
14.93,1.50236660072399
14.94,1.50554969958583
14.95,1.50873279844767
14.96,1.51191589730951
14.97,1.51509899617135
14.98,1.51828209503318
14.99,1.52146519389502
15,1.52464829275686
15.01,1.5278313916187
15.02,1.53101449048054
15.03,1.53419758934237
15.04,1.53738068820421
15.05,1.54056378706605
15.06,1.54374688592789
15.07,1.54692998478973
15.08,1.55011308365156
15.09,1.5532961825134
15.1,1.55647928137524
15.11,1.55966238023708
15.12,1.56284547909892
15.13,1.56602857796075
15.14,1.56921167682259
15.15,1.57239477568443
15.16,1.57557787454627
15.17,1.5787609734081
15.18,1.58194407226994
15.19,1.58512717113178
15.2,1.58831026999362
15.21,1.59149336885546
15.22,1.59467646771729
15.23,1.59785956657913
15.24,1.60104266544097
15.25,1.60422576430281
15.26,1.60740886316465
15.27,1.61059196202648
15.28,1.61377506088832
15.29,1.61695815975016
15.3,1.620141258612
15.31,1.62332435747384
15.32,1.62650745633567
15.33,1.62969055519751
15.34,1.63287365405935
15.35,1.63605675292119
15.36,1.63923985178302
15.37,1.64242295064486
15.38,1.6456060495067
15.39,1.64878914836854
15.4,1.65197224723038
15.41,1.65515534609221
15.42,1.65833844495405
15.43,1.66152154381589
15.44,1.66470464267773
15.45,1.66788774153957
15.46,1.6710708404014
15.47,1.67425393926324
15.48,1.67743703812508
15.49,1.68062013698692
15.5,1.68380323584876
15.51,1.68698633471059
15.52,1.69016943357243
15.53,1.69335253243427
15.54,1.69653563129611
15.55,1.69971873015795
15.56,1.70290182901978
15.57,1.70608492788162
15.58,1.70926802674346
15.59,1.7124511256053
15.6,1.71563422446713
15.61,1.71881732332897
15.62,1.72200042219081
15.63,1.72518352105265
15.64,1.72836661991449
15.65,1.73154971877632
15.66,1.73473281763816
15.67,1.7379159165
15.68,1.74109901536184
15.69,1.74428211422368
15.7,1.74746521308551
15.71,1.74935168805265
15.72,1.74616858919081
15.73,1.74298549032897
15.74,1.73980239146713
15.75,1.7366192926053
15.76,1.73343619374346
15.77,1.73025309488162
15.78,1.72706999601978
15.79,1.72388689715794
15.8,1.72070379829611
15.81,1.71752069943427
15.82,1.71433760057243
15.83,1.71115450171059
15.84,1.70797140284876
15.85,1.70478830398692
15.86,1.70160520512508
15.87,1.69842210626324
15.88,1.6952390074014
15.89,1.69205590853957
15.9,1.68887280967773
15.91,1.68568971081589
15.92,1.68250661195405
15.93,1.67932351309221
15.94,1.67614041423038
15.95,1.67295731536854
15.96,1.6697742165067
15.97,1.66659111764486
15.98,1.66340801878302
15.99,1.66022491992119
16,1.65704182105935
16.01,1.65385872219751
16.02,1.65067562333567
16.03,1.64749252447383
16.04,1.644309425612
16.05,1.64112632675016
16.06,1.63794322788832
16.07,1.63476012902648
16.08,1.63157703016465
16.09,1.62839393130281
16.1,1.62521083244097
16.11,1.62202773357913
16.12,1.61884463471729
16.13,1.61566153585546
16.14,1.61247843699362
16.15,1.60929533813178
16.16,1.60611223926994
16.17,1.6029291404081
16.18,1.59974604154627
16.19,1.59656294268443
16.2,1.59337984382259
16.21,1.59019674496075
16.22,1.58701364609892
16.23,1.58383054723708
16.24,1.58064744837524
16.25,1.5774643495134
16.26,1.57428125065156
16.27,1.57109815178973
16.28,1.56791505292789
16.29,1.56473195406605
16.3,1.56154885520421
16.31,1.55836575634237
16.32,1.55518265748054
16.33,1.5519995586187
16.34,1.54881645975686
16.35,1.54563336089502
16.36,1.54245026203318
16.37,1.53926716317135
16.38,1.53608406430951
16.39,1.53290096544767
16.4,1.52971786658583
16.41,1.52653476772399
16.42,1.52335166886216
16.43,1.52016857000032
16.44,1.51698547113848
16.45,1.51380237227664
16.46,1.5106192734148
16.47,1.50743617455297
16.48,1.50425307569113
16.49,1.50106997682929
16.5,1.49788687796745
16.51,1.49470377910562
16.52,1.49152068024378
16.53,1.48833758138194
16.54,1.4851544825201
16.55,1.48197138365827
16.56,1.47878828479643
16.57,1.47560518593459
16.58,1.47242208707275
16.59,1.46923898821091
16.6,1.46605588934907
16.61,1.46287279048724
16.62,1.4596896916254
16.63,1.45650659276356
16.64,1.45332349390172
16.65,1.45014039503989
16.66,1.44695729617805
16.67,1.44377419731621
16.68,1.44059109845437
16.69,1.43740799959253
16.7,1.4342249007307
16.71,1.43104180186886
16.72,1.42785870300702
16.73,1.42467560414518
16.74,1.42149250528334
16.75,1.41830940642151
16.76,1.41512630755967
16.77,1.41194320869783
16.78,1.40876010983599
16.79,1.40557701097415
16.8,1.40239391211232
16.81,1.39921081325048
16.82,1.39602771438864
16.83,1.3928446155268
16.84,1.38966151666496
16.85,1.38647841780313
16.86,1.38329531894129
16.87,1.38011222007945
16.88,1.37692912121761
16.89,1.37374602235578
16.9,1.37056292349394
16.91,1.3673798246321
16.92,1.36419672577026
16.93,1.36101362690842
16.94,1.35783052804659
16.95,1.35464742918475
16.96,1.35146433032291
16.97,1.34828123146107
16.98,1.34509813259923
16.99,1.3419150337374
17,1.33873193487556
17.01,1.33554883601372
17.02,1.33236573715188
17.03,1.32918263829004
17.04,1.32599953942821
17.05,1.32281644056637
17.06,1.31963334170453
17.07,1.31645024284269
17.08,1.31326714398086
17.09,1.31008404511902
17.1,1.30690094625718
17.11,1.30371784739534
17.12,1.3005347485335
17.13,1.29735164967167
17.14,1.29416855080983
17.15,1.29098545194799
17.16,1.28780235308615
17.17,1.28461925422431
17.18,1.28143615536248
17.19,1.27825305650064
17.2,1.2750699576388
17.21,1.27188685877696
17.22,1.26870375991512
17.23,1.26552066105329
17.24,1.26233756219145
17.25,1.25915446332961
17.26,1.25597136446777
17.27,1.25278826560594
17.28,1.2496051667441
17.29,1.24642206788226
17.3,1.24323896902042
17.31,1.24005587015858
17.32,1.23687277129675
17.33,1.23368967243491
17.34,1.23050657357307
17.35,1.22732347471123
17.36,1.22414037584939
17.37,1.22095727698756
17.38,1.21777417812572
17.39,1.21459107926388
17.4,1.21140798040204
17.41,1.2082248815402
17.42,1.20504178267837
17.43,1.20185868381653
17.44,1.19867558495469
17.45,1.19549248609285
17.46,1.19230938723101
17.47,1.18912628836918
17.48,1.18594318950734
17.49,1.1827600906455
17.5,1.17957699178366
17.51,1.17639389292183
17.52,1.17321079405999
17.53,1.17002769519815
17.54,1.16684459633631
17.55,1.16366149747447
17.56,1.16047839861263
17.57,1.1572952997508
17.58,1.15411220088896
17.59,1.15092910202712
17.6,1.14774600316528
17.61,1.14456290430345
17.62,1.14137980544161
17.63,1.13819670657977
17.64,1.13501360771793
17.65,1.13183050885609
17.66,1.12864740999426
17.67,1.12546431113242
17.68,1.12228121227058
17.69,1.11909811340874
17.7,1.11591501454691
17.71,1.11273191568507
17.72,1.10954881682323
17.73,1.10636571796139
17.74,1.10318261909955
17.75,1.09999952023772
17.76,1.09681642137588
17.77,1.09363332251404
17.78,1.0904502236522
17.79,1.08726712479036
17.8,1.08408402592853
17.81,1.08090092706669
17.82,1.07771782820485
17.83,1.07453472934301
17.84,1.07135163048117
17.85,1.06816853161934
17.86,1.0649854327575
17.87,1.06180233389566
17.88,1.05861923503382
17.89,1.05543613617198
17.9,1.05225303731015
17.91,1.04906993844831
17.92,1.04588683958647
17.93,1.04270374072463
17.94,1.0395206418628
17.95,1.03633754300096
17.96,1.03315444413912
17.97,1.02997134527728
17.98,1.02678824641544
17.99,1.0236051475536
18,1.02042204869177
18.01,1.01723894982993
18.02,1.01405585096809
18.03,1.01087275210625
18.04,1.00768965324442
18.05,1.00450655438258
18.06,1.00132345552074
18.07,0.998140356658902
18.08,0.994957257797065
18.09,0.991774158935226
18.1,0.988591060073388
18.11,0.985407961211551
18.12,0.982224862349714
18.13,0.979041763487875
18.14,0.975858664626037
18.15,0.972675565764199
18.16,0.969492466902361
18.17,0.966309368040523
18.18,0.963126269178685
18.19,0.959943170316848
18.2,0.95676007145501
18.21,0.953576972593171
18.22,0.950393873731334
18.23,0.947210774869496
18.24,0.944027676007657
18.25,0.94084457714582
18.26,0.937661478283983
18.27,0.934478379422144
18.28,0.931295280560306
18.29,0.928112181698469
18.3,0.924929082836631
18.31,0.921745983974792
18.32,0.918562885112955
18.33,0.915379786251117
18.34,0.912196687389279
18.35,0.90901358852744
18.36,0.905830489665603
18.37,0.902647390803766
18.38,0.899464291941928
18.39,0.896281193080089
18.4,0.893098094218252
18.41,0.889914995356413
18.42,0.886731896494575
18.43,0.883548797632738
18.44,0.880365698770901
18.45,0.877182599909062
18.46,0.873999501047224
18.47,0.870816402185386
18.48,0.867633303323548
18.49,0.86445020446171
18.5,0.861267105599872
18.51,0.858084006738035
18.52,0.854900907876197
18.53,0.851717809014358
18.54,0.848534710152521
18.55,0.845351611290684
18.56,0.842168512428844
18.57,0.838985413567007
18.58,0.83580231470517
18.59,0.832619215843331
18.6,0.829436116981493
18.61,0.826253018119655
18.62,0.823069919257818
18.63,0.81988682039598
18.64,0.816703721534142
18.65,0.813520622672304
18.66,0.810337523810466
18.67,0.807154424948627
18.68,0.80397132608679
18.69,0.800788227224953
18.7,0.797605128363114
18.71,0.794422029501276
18.72,0.791238930639439
18.73,0.7880558317776
18.74,0.784872732915762
18.75,0.781689634053925
18.76,0.778506535192087
18.77,0.775323436330249
18.78,0.772140337468411
18.79,0.768957238606573
18.8,0.765774139744736
18.81,0.762591040882896
18.82,0.759407942021059
18.83,0.756224843159222
18.84,0.753041744297384
18.85,0.750141354564455
18.86,0.753324453426292
18.87,0.756507552288129
18.88,0.759690651149968
18.89,0.762873750011806
18.9,0.766056848873643
18.91,0.769239947735482
18.92,0.77242304659732
18.93,0.775606145459158
18.94,0.778789244320995
18.95,0.781972343182833
18.96,0.785155442044672
18.97,0.788338540906509
18.98,0.791521639768347
18.99,0.794704738630186
19,0.797887837492023
19.01,0.80107093635386
19.02,0.804254035215699
19.03,0.807437134077537
19.04,0.810620232939374
19.05,0.813803331801212
19.06,0.816986430663051
19.07,0.820169529524888
19.08,0.823352628386726
19.09,0.826535727248564
19.1,0.829718826110402
19.11,0.83290192497224
19.12,0.836085023834077
19.13,0.839268122695915
19.14,0.842451221557754
19.15,0.845634320419591
19.16,0.84881741928143
19.17,0.852000518143268
19.18,0.855183617005105
19.19,0.858366715866943
19.2,0.861549814728781
19.21,0.864732913590619
19.22,0.867916012452457
19.23,0.871099111314295
19.24,0.874282210176133
19.25,0.877465309037971
19.26,0.880648407899808
19.27,0.883831506761646
19.28,0.887014605623485
19.29,0.890197704485322
19.3,0.893380803347159
19.31,0.896563902208999
19.32,0.899747001070836
19.33,0.902930099932673
19.34,0.906113198794512
19.35,0.90929629765635
19.36,0.912479396518187
19.37,0.915662495380025
19.38,0.918845594241863
19.39,0.922028693103702
19.4,0.925211791965539
19.41,0.928394890827377
19.42,0.931577989689216
19.43,0.934761088551053
19.44,0.93794418741289
19.45,0.941127286274729
19.46,0.944310385136567
19.47,0.947493483998404
19.48,0.950676582860243
19.49,0.953859681722081
19.5,0.957042780583918
19.51,0.960225879445756
19.52,0.963408978307594
19.53,0.966592077169432
19.54,0.96977517603127
19.55,0.972958274893107
19.56,0.976141373754946
19.57,0.979324472616784
19.58,0.982507571478621
19.59,0.985690670340459
19.6,0.988873769202298
19.61,0.992056868064135
19.62,0.995239966925972
19.63,0.998423065787811
19.64,1.00160616464965
19.65,1.00478926351149
19.66,1.00797236237332
19.67,1.01115546123516
19.68,1.014338560097
19.69,1.01752165895884
19.7,1.02070475782068
19.71,1.02388785668251
19.72,1.02707095554435
19.73,1.03025405440619
19.74,1.03343715326803
19.75,1.03662025212987
19.76,1.0398033509917
19.77,1.04298644985354
19.78,1.04616954871538
19.79,1.04935264757722
19.8,1.05253574643905
19.81,1.05571884530089
19.82,1.05890194416273
19.83,1.06208504302457
19.84,1.06526814188641
19.85,1.06845124074825
19.86,1.07163433961008
19.87,1.07481743847192
19.88,1.07800053733376
19.89,1.0811836361956
19.9,1.08436673505743
19.91,1.08754983391927
19.92,1.09073293278111
19.93,1.09391603164295
19.94,1.09709913050479
19.95,1.10028222936662
19.96,1.10346532822846
19.97,1.1066484270903
19.98,1.10983152595214
19.99,1.11301462481398
20,1.11619772367581
20.01,1.11938082253765
20.02,1.12256392139949
20.03,1.12574702026133
20.04,1.12893011912317
20.05,1.132113217985
20.06,1.13529631684684
20.07,1.13847941570868
20.08,1.14166251457052
20.09,1.14484561343235
20.1,1.14802871229419
20.11,1.15121181115603
20.12,1.15439491001787
20.13,1.15757800887971
20.14,1.16076110774154
20.15,1.16394420660338
20.16,1.16712730546522
20.17,1.17031040432706
20.18,1.1734935031889
20.19,1.17667660205073
20.2,1.17985970091257
20.21,1.18304279977441
20.22,1.18622589863625
20.23,1.18940899749809
20.24,1.19259209635992
20.25,1.19577519522176
20.26,1.1989582940836
20.27,1.20214139294544
20.28,1.20532449180728
20.29,1.20850759066911
20.3,1.21169068953095
20.31,1.21487378839279
20.32,1.21805688725463
20.33,1.22123998611646
20.34,1.2244230849783
20.35,1.22760618384014
20.36,1.23078928270198
20.37,1.23397238156382
20.38,1.23715548042565
20.39,1.24033857928749
20.4,1.24352167814933
20.41,1.24670477701117
20.42,1.24988787587301
20.43,1.25307097473484
20.44,1.25625407359668
20.45,1.25943717245852
20.46,1.26262027132036
20.47,1.26580337018219
20.48,1.26898646904403
20.49,1.27216956790587
20.5,1.27535266676771
20.51,1.27853576562955
20.52,1.28171886449138
20.53,1.28490196335322
20.54,1.28808506221506
20.55,1.2912681610769
20.56,1.29445125993874
20.57,1.29763435880057
20.58,1.30081745766241
20.59,1.30400055652425
20.6,1.30718365538609
20.61,1.31036675424793
20.62,1.31354985310976
20.63,1.3167329519716
20.64,1.31991605083344
20.65,1.32309914969528
20.66,1.32628224855712
20.67,1.32946534741895
20.68,1.33264844628079
20.69,1.33583154514263
20.7,1.33901464400447
20.71,1.34219774286631
20.72,1.34538084172814
20.73,1.34856394058998
20.74,1.35174703945182
20.75,1.35493013831366
20.76,1.35811323717549
20.77,1.36129633603733
20.78,1.36447943489917
20.79,1.36766253376101
20.8,1.37084563262285
20.81,1.37402873148468
20.82,1.37721183034652
20.83,1.38039492920836
20.84,1.3835780280702
20.85,1.38676112693204
20.86,1.38994422579387
20.87,1.39312732465571
20.88,1.39631042351755
20.89,1.39949352237939
20.9,1.40267662124122
20.91,1.40585972010306
20.92,1.4090428189649
20.93,1.41222591782674
20.94,1.41540901668858
20.95,1.41859211555041
20.96,1.42177521441225
20.97,1.42495831327409
20.98,1.42814141213593
20.99,1.43132451099777
21,1.4345076098596
21.01,1.43769070872144
21.02,1.44087380758328
21.03,1.44405690644512
21.04,1.44724000530696
21.05,1.45042310416879
21.06,1.45360620303063
21.07,1.45678930189247
21.08,1.45997240075431
21.09,1.46315549961615
21.1,1.46633859847798
21.11,1.46952169733982
21.12,1.47270479620166
21.13,1.4758878950635
21.14,1.47907099392534
21.15,1.48225409278717
21.16,1.48543719164901
21.17,1.48862029051085
21.18,1.49180338937269
21.19,1.49498648823452
21.2,1.49816958709636
21.21,1.5013526859582
21.22,1.50453578482004
21.23,1.50771888368188
21.24,1.51090198254371
21.25,1.51408508140555
21.26,1.51726818026739
21.27,1.52045127912923
21.28,1.52363437799107
21.29,1.5268174768529
21.3,1.53000057571474
21.31,1.53318367457658
21.32,1.53636677343842
21.33,1.53954987230025
21.34,1.54273297116209
21.35,1.54591607002393
21.36,1.54909916888577
21.37,1.55228226774761
21.38,1.55546536660944
21.39,1.55864846547128
21.4,1.56183156433312
21.41,1.56501466319496
21.42,1.5681977620568
21.43,1.57138086091863
21.44,1.57456395978047
21.45,1.57774705864231
21.46,1.58093015750415
21.47,1.58411325636599
21.48,1.58729635522782
21.49,1.59047945408966
21.5,1.5936625529515
21.51,1.59684565181334
21.52,1.60002875067518
21.53,1.60321184953701
21.54,1.60639494839885
21.55,1.60957804726069
21.56,1.61276114612253
21.57,1.61594424498437
21.58,1.6191273438462
21.59,1.62231044270804
21.6,1.62549354156988
21.61,1.62867664043172
21.62,1.63185973929355
21.63,1.63504283815539
21.64,1.63822593701723
21.65,1.64140903587907
21.66,1.64459213474091
21.67,1.64777523360274
21.68,1.65095833246458
21.69,1.65414143132642
21.7,1.65732453018826
21.71,1.6605076290501
21.72,1.66369072791193
21.73,1.66687382677377
21.74,1.67005692563561
21.75,1.67324002449745
21.76,1.67642312335928
21.77,1.67960622222112
21.78,1.68278932108296
21.79,1.6859724199448
21.8,1.68915551880664
21.81,1.69233861766848
21.82,1.69552171653031
21.83,1.69870481539215
21.84,1.70188791425399
21.85,1.70507101311583
21.86,1.70825411197766
21.87,1.7114372108395
21.88,1.71462030970134
21.89,1.71780340856318
21.9,1.72098650742502
21.91,1.72416960628685
21.92,1.72735270514869
21.93,1.73053580401053
21.94,1.73371890287237
21.95,1.73690200173421
21.96,1.74008510059604
21.97,1.74326819945788
21.98,1.74645129831972
21.99,1.74963439718156
22,1.7471825039566
22.01,1.74399940509477
22.02,1.74081630623293
22.03,1.73763320737109
22.04,1.73445010850925
22.05,1.73126700964742
22.06,1.72808391078558
22.07,1.72490081192374
22.08,1.7217177130619
22.09,1.71853461420006
22.1,1.71535151533823
22.11,1.71216841647639
22.12,1.70898531761455
22.13,1.70580221875271
22.14,1.70261911989087
22.15,1.69943602102904
22.16,1.6962529221672
22.17,1.69306982330536
22.18,1.68988672444352
22.19,1.68670362558169
22.2,1.68352052671985
22.21,1.68033742785801
22.22,1.67715432899617
22.23,1.67397123013433
22.24,1.67078813127249
22.25,1.66760503241066
22.26,1.66442193354882
22.27,1.66123883468698
22.28,1.65805573582514
22.29,1.65487263696331
22.3,1.65168953810147
22.31,1.64850643923963
22.32,1.64532334037779
22.33,1.64214024151595
22.34,1.63895714265412
22.35,1.63577404379228
22.36,1.63259094493044
22.37,1.6294078460686
22.38,1.62622474720676
22.39,1.62304164834493
22.4,1.61985854948309
22.41,1.61667545062125
22.42,1.61349235175941
22.43,1.61030925289758
22.44,1.60712615403574
22.45,1.6039430551739
22.46,1.60075995631206
22.47,1.59757685745022
22.48,1.59439375858839
22.49,1.59121065972655
22.5,1.58802756086471
22.51,1.58484446200287
22.52,1.58166136314103
22.53,1.5784782642792
22.54,1.57529516541736
22.55,1.57211206655552
22.56,1.56892896769368
22.57,1.56574586883184
22.58,1.56256276997001
22.59,1.55937967110817
22.6,1.55619657224633
22.61,1.55301347338449
22.62,1.54983037452266
22.63,1.54664727566082
22.64,1.54346417679898
22.65,1.54028107793714
22.66,1.5370979790753
22.67,1.53391488021346
22.68,1.53073178135163
22.69,1.52754868248979
22.7,1.52436558362795
22.71,1.52118248476611
22.72,1.51799938590428
22.73,1.51481628704244
22.74,1.5116331881806
22.75,1.50845008931876
22.76,1.50526699045692
22.77,1.50208389159509
22.78,1.49890079273325
22.79,1.49571769387141
22.8,1.49253459500957
22.81,1.48935149614773
22.82,1.4861683972859
22.83,1.48298529842406
22.84,1.47980219956222
22.85,1.47661910070038
22.86,1.47343600183855
22.87,1.47025290297671
22.88,1.46706980411487
22.89,1.46388670525303
22.9,1.46070360639119
22.91,1.45752050752936
22.92,1.45433740866752
22.93,1.45115430980568
22.94,1.44797121094384
22.95,1.444788112082
22.96,1.44160501322017
22.97,1.43842191435833
22.98,1.43523881549649
22.99,1.43205571663465
23,1.42887261777281
23.01,1.42568951891098
23.02,1.42250642004914
23.03,1.4193233211873
23.04,1.41614022232546
23.05,1.41295712346363
23.06,1.40977402460179
23.07,1.40659092573995
23.08,1.40340782687811
23.09,1.40022472801627
23.1,1.39704162915443
23.11,1.3938585302926
23.12,1.39067543143076
23.13,1.38749233256892
23.14,1.38430923370708
23.15,1.38112613484525
23.16,1.37794303598341
23.17,1.37475993712157
23.18,1.37157683825973
23.19,1.36839373939789
23.2,1.36521064053606
23.21,1.36202754167422
23.22,1.35884444281238
23.23,1.35566134395054
23.24,1.3524782450887
23.25,1.34929514622687
23.26,1.34611204736503
23.27,1.34292894850319
23.28,1.33974584964135
23.29,1.33656275077952
23.3,1.33337965191768
23.31,1.33019655305584
23.32,1.327013454194
23.33,1.32383035533216
23.34,1.32064725647033
23.35,1.31746415760849
23.36,1.31428105874665
23.37,1.31109795988481
23.38,1.30791486102297
23.39,1.30473176216114
23.4,1.3015486632993
23.41,1.29836556443746
23.42,1.29518246557562
23.43,1.29199936671378
23.44,1.28881626785195
23.45,1.28563316899011
23.46,1.28245007012827
23.47,1.27926697126643
23.48,1.27608387240459
23.49,1.27290077354276
23.5,1.26971767468092
23.51,1.26653457581908
23.52,1.26335147695724
23.53,1.2601683780954
23.54,1.25698527923357
23.55,1.25380218037173
23.56,1.25061908150989
23.57,1.24743598264805
23.58,1.24425288378622
23.59,1.24106978492438
23.6,1.23788668606254
23.61,1.2347035872007
23.62,1.23152048833886
23.63,1.22833738947703
23.64,1.22515429061519
23.65,1.22197119175335
23.66,1.21878809289151
23.67,1.21560499402967
23.68,1.21242189516784
23.69,1.209238796306
23.7,1.20605569744416
23.71,1.20287259858232
23.72,1.19968949972049
23.73,1.19650640085865
23.74,1.19332330199681
23.75,1.19014020313497
23.76,1.18695710427313
23.77,1.1837740054113
23.78,1.18059090654946
23.79,1.17740780768762
23.8,1.17422470882578
23.81,1.17104160996394
23.82,1.16785851110211
23.83,1.16467541224027
23.84,1.16149231337843
23.85,1.15830921451659
23.86,1.15512611565475
23.87,1.15194301679292
23.88,1.14875991793108
23.89,1.14557681906924
23.9,1.1423937202074
23.91,1.13921062134556
23.92,1.13602752248373
23.93,1.13284442362189
23.94,1.12966132476005
23.95,1.12647822589821
23.96,1.12329512703637
23.97,1.12011202817454
23.98,1.1169289293127
23.99,1.11374583045086
24,1.11056273158902
24.01,1.10737963272719
24.02,1.10419653386535
24.03,1.10101343500351
24.04,1.09783033614167
24.05,1.09464723727983
24.06,1.091464138418
24.07,1.08828103955616
24.08,1.08509794069432
24.09,1.08191484183248
24.1,1.07873174297064
24.11,1.07554864410881
24.12,1.07236554524697
24.13,1.06918244638513
24.14,1.06599934752329
24.15,1.06281624866146
24.16,1.05963314979962
24.17,1.05645005093778
24.18,1.05326695207594
24.19,1.0500838532141
24.2,1.04690075435227
24.21,1.04371765549043
24.22,1.04053455662859
24.23,1.03735145776675
24.24,1.03416835890491
24.25,1.03098526004308
24.26,1.02780216118124
24.27,1.0246190623194
24.28,1.02143596345756
24.29,1.01825286459572
24.3,1.01506976573389
24.31,1.01188666687205
24.32,1.00870356801021
24.33,1.00552046914837
24.34,1.00233737028653
24.35,0.999154271424696
24.36,0.995971172562859
24.37,0.992788073701021
24.38,0.989604974839183
24.39,0.986421875977345
24.4,0.983238777115508
24.41,0.980055678253669
24.42,0.976872579391831
24.43,0.973689480529994
24.44,0.970506381668156
24.45,0.967323282806318
24.46,0.96414018394448
24.47,0.960957085082642
24.48,0.957773986220804
24.49,0.954590887358965
24.5,0.951407788497128
24.51,0.948224689635291
24.52,0.945041590773453
24.53,0.941858491911614
24.54,0.938675393049777
24.55,0.935492294187938
24.56,0.932309195326101
24.57,0.929126096464263
24.58,0.925942997602426
24.59,0.922759898740587
24.6,0.919576799878749
24.61,0.916393701016911
24.62,0.913210602155073
24.63,0.910027503293236
24.64,0.906844404431397
24.65,0.90366130556956
24.66,0.900478206707722
24.67,0.897295107845883
24.68,0.894112008984046
24.69,0.890928910122209
24.7,0.88774581126037
24.71,0.884562712398532
24.72,0.881379613536695
24.73,0.878196514674856
24.74,0.875013415813018
24.75,0.871830316951181
24.76,0.868647218089343
24.77,0.865464119227505
24.78,0.862281020365666
24.79,0.859097921503829
24.8,0.855914822641991
24.81,0.852731723780153
24.82,0.849548624918315
24.83,0.846365526056478
24.84,0.843182427194639
24.85,0.839999328332801
24.86,0.836816229470964
24.87,0.833633130609125
24.88,0.830450031747288
24.89,0.82726693288545
24.9,0.824083834023612
24.91,0.820900735161774
24.92,0.817717636299936
24.93,0.814534537438098
24.94,0.811351438576261
24.95,0.808168339714423
24.96,0.804985240852584
24.97,0.801802141990747
24.98,0.798619043128909
24.99,0.79543594426707
25,0.792252845405233
25.01,0.789069746543396
25.02,0.785886647681557
25.03,0.782703548819719
25.04,0.779520449957881
25.05,0.776337351096043
25.06,0.773154252234206
25.07,0.769971153372367
25.08,0.76678805451053
25.09,0.763604955648692
25.1,0.760421856786853
25.11,0.757238757925016
25.12,0.754055659063178
25.13,0.75087256020134
25.14,0.752310538660498
25.15,0.755493637522335
25.16,0.758676736384174
25.17,0.761859835246012
25.18,0.765042934107849
25.19,0.768226032969687
25.2,0.771409131831525
25.21,0.774592230693363
25.22,0.777775329555201
25.23,0.780958428417039
25.24,0.784141527278877
25.25,0.787324626140715
25.26,0.790507725002552
25.27,0.79369082386439
25.28,0.796873922726229
25.29,0.800057021588066
25.3,0.803240120449905
25.31,0.806423219311742
25.32,0.80960631817358
25.33,0.812789417035418
25.34,0.815972515897256
25.35,0.819155614759094
25.36,0.822338713620932
25.37,0.82552181248277
25.38,0.828704911344607
25.39,0.831888010206446
25.4,0.835071109068283
25.41,0.838254207930121
25.42,0.84143730679196
25.43,0.844620405653797
25.44,0.847803504515634
25.45,0.850986603377473
25.46,0.854169702239311
25.47,0.857352801101148
25.48,0.860535899962987
25.49,0.863718998824825
25.5,0.866902097686662
25.51,0.8700851965485
25.52,0.873268295410338
25.53,0.876451394272177
25.54,0.879634493134014
25.55,0.882817591995852
25.56,0.88600069085769
25.57,0.889183789719528
25.58,0.892366888581365
25.59,0.895549987443204
25.6,0.898733086305042
25.61,0.901916185166879
25.62,0.905099284028718
25.63,0.908282382890555
25.64,0.911465481752393
25.65,0.914648580614231
25.66,0.917831679476069
25.67,0.921014778337907
25.68,0.924197877199745
25.69,0.927380976061582
25.7,0.93056407492342
25.71,0.933747173785259
25.72,0.936930272647096
25.73,0.940113371508934
25.74,0.943296470370773
25.75,0.94647956923261
25.76,0.949662668094447
25.77,0.952845766956286
25.78,0.956028865818124
25.79,0.959211964679962
25.8,0.9623950635418
25.81,0.965578162403637
25.82,0.968761261265476
25.83,0.971944360127313
25.84,0.975127458989151
25.85,0.97831055785099
25.86,0.981493656712827
25.87,0.984676755574665
25.88,0.987859854436503
25.89,0.991042953298341
25.9,0.994226052160178
25.91,0.997409151022017
25.92,1.00059224988386
25.93,1.00377534874569
25.94,1.00695844760753
25.95,1.01014154646937
25.96,1.01332464533121
25.97,1.01650774419304
25.98,1.01969084305488
25.99,1.02287394191672
26,1.02605704077856
26.01,1.02924013964039
26.02,1.03242323850223
26.03,1.03560633736407
26.04,1.03878943622591
26.05,1.04197253508775
26.06,1.04515563394958
26.07,1.04833873281142
26.08,1.05152183167326
26.09,1.0547049305351
26.1,1.05788802939694
26.11,1.06107112825877
26.12,1.06425422712061
26.13,1.06743732598245
26.14,1.07062042484429
26.15,1.07380352370613
26.16,1.07698662256796
26.17,1.0801697214298
26.18,1.08335282029164
26.19,1.08653591915348
26.2,1.08971901801532
26.21,1.09290211687715
26.22,1.09608521573899
26.23,1.09926831460083
26.24,1.10245141346267
26.25,1.10563451232451
26.26,1.10881761118634
26.27,1.11200071004818
26.28,1.11518380891002
26.29,1.11836690777186
26.3,1.1215500066337
26.31,1.12473310549553
26.32,1.12791620435737
26.33,1.13109930321921
26.34,1.13428240208105
26.35,1.13746550094289
26.36,1.14064859980472
26.37,1.14383169866656
26.38,1.1470147975284
26.39,1.15019789639024
26.4,1.15338099525207
26.41,1.15656409411391
26.42,1.15974719297575
26.43,1.16293029183759
26.44,1.16611339069942
26.45,1.16929648956126
26.46,1.1724795884231
26.47,1.17566268728494
26.48,1.17884578614678
26.49,1.18202888500862
26.5,1.18521198387045
26.51,1.18839508273229
26.52,1.19157818159413
26.53,1.19476128045597
26.54,1.1979443793178
26.55,1.20112747817964
26.56,1.20431057704148
26.57,1.20749367590332
26.58,1.21067677476516
26.59,1.21385987362699
26.6,1.21704297248883
26.61,1.22022607135067
26.62,1.22340917021251
26.63,1.22659226907435
26.64,1.22977536793618
26.65,1.23295846679802
26.66,1.23614156565986
26.67,1.2393246645217
26.68,1.24250776338354
26.69,1.24569086224537
26.7,1.24887396110721
26.71,1.25205705996905
26.72,1.25524015883089
26.73,1.25842325769273
26.74,1.26160635655456
26.75,1.2647894554164
26.76,1.26797255427824
26.77,1.27115565314008
26.78,1.27433875200191
26.79,1.27752185086375
26.8,1.28070494972559
26.81,1.28388804858743
26.82,1.28707114744927
26.83,1.2902542463111
26.84,1.29343734517294
26.85,1.29662044403478
26.86,1.29980354289662
26.87,1.30298664175846
26.88,1.30616974062029
26.89,1.30935283948213
26.9,1.31253593834397
26.91,1.31571903720581
26.92,1.31890213606765
26.93,1.32208523492948
26.94,1.32526833379132
26.95,1.32845143265316
26.96,1.331634531515
26.97,1.33481763037683
26.98,1.33800072923867
26.99,1.34118382810051
27,1.34436692696235
27.01,1.34755002582419
27.02,1.35073312468602
27.03,1.35391622354786
27.04,1.3570993224097
27.05,1.36028242127154
27.06,1.36346552013338
27.07,1.36664861899521
27.08,1.36983171785705
27.09,1.37301481671889
27.1,1.37619791558073
27.11,1.37938101444257
27.12,1.3825641133044
27.13,1.38574721216624
27.14,1.38893031102808
27.15,1.39211340988992
27.16,1.39529650875176
27.17,1.39847960761359
27.18,1.40166270647543
27.19,1.40484580533727
27.2,1.40802890419911
27.21,1.41121200306094
27.22,1.41439510192278
27.23,1.41757820078462
27.24,1.42076129964646
27.25,1.4239443985083
27.26,1.42712749737013
27.27,1.43031059623197
27.28,1.43349369509381
27.29,1.43667679395565
27.3,1.43985989281749
27.31,1.44304299167932
27.32,1.44622609054116
27.33,1.449409189403
27.34,1.45259228826484
27.35,1.45577538712668
27.36,1.45895848598851
27.37,1.46214158485035
27.38,1.46532468371219
27.39,1.46850778257403
27.4,1.47169088143586
27.41,1.4748739802977
27.42,1.47805707915954
27.43,1.48124017802138
27.44,1.48442327688322
27.45,1.48760637574505
27.46,1.49078947460689
27.47,1.49397257346873
27.48,1.49715567233057
27.49,1.50033877119241
27.5,1.50352187005424
27.51,1.50670496891608
27.52,1.50988806777792
27.53,1.51307116663976
27.54,1.5162542655016
27.55,1.51943736436343
27.56,1.52262046322527
27.57,1.52580356208711
27.58,1.52898666094895
27.59,1.53216975981079
27.6,1.53535285867262
27.61,1.53853595753446
27.62,1.5417190563963
27.63,1.54490215525814
27.64,1.54808525411997
27.65,1.55126835298181
27.66,1.55445145184365
27.67,1.55763455070549
27.68,1.56081764956733
27.69,1.56400074842916
27.7,1.567183847291
27.71,1.57036694615284
27.72,1.57355004501468
27.73,1.57673314387652
27.74,1.57991624273835
27.75,1.58309934160019
27.76,1.58628244046203
27.77,1.58946553932387
27.78,1.59264863818571
27.79,1.59583173704754
27.8,1.59901483590938
27.81,1.60219793477122
27.82,1.60538103363306
27.83,1.60856413249489
27.84,1.61174723135673
27.85,1.61493033021857
27.86,1.61811342908041
27.87,1.62129652794225
27.88,1.62447962680408
27.89,1.62766272566592
27.9,1.63084582452776
27.91,1.6340289233896
27.92,1.63721202225144
27.93,1.64039512111327
27.94,1.64357821997511
27.95,1.64676131883695
27.96,1.64994441769879
27.97,1.65312751656062
27.98,1.65631061542246
27.99,1.6594937142843
28,1.66267681314614
28.01,1.66585991200798
28.02,1.66904301086981
28.03,1.67222610973165
28.04,1.67540920859349
28.05,1.67859230745533
28.06,1.68177540631717
28.07,1.684958505179
28.08,1.68814160404084
28.09,1.69132470290268
28.1,1.69450780176452
28.11,1.69769090062636
28.12,1.70087399948819
28.13,1.70405709835003
28.14,1.70724019721187
28.15,1.71042329607371
28.16,1.71360639493555
28.17,1.71678949379738
28.18,1.71997259265922
28.19,1.72315569152106
28.2,1.7263387903829
28.21,1.72952188924474
28.22,1.73270498810657
28.23,1.73588808696841
28.24,1.73907118583025
28.25,1.74225428469209
28.26,1.74543738355392
28.27,1.74862048241576
28.28,1.7481964187224
28.29,1.74501331986056
28.3,1.74183022099872
28.31,1.73864712213689
28.32,1.73546402327505
28.33,1.73228092441321
28.34,1.72909782555137
28.35,1.72591472668953
28.36,1.7227316278277
28.37,1.71954852896586
28.38,1.71636543010402
28.39,1.71318233124218
28.4,1.70999923238035
28.41,1.70681613351851
28.42,1.70363303465667
28.43,1.70044993579483
28.44,1.69726683693299
28.45,1.69408373807116
28.46,1.69090063920932
28.47,1.68771754034748
28.48,1.68453444148564
28.49,1.6813513426238
28.5,1.67816824376197
28.51,1.67498514490013
28.52,1.67180204603829
28.53,1.66861894717645
28.54,1.66543584831461
28.55,1.66225274945278
28.56,1.65906965059094
28.57,1.6558865517291
28.58,1.65270345286726
28.59,1.64952035400542
28.6,1.64633725514359
28.61,1.64315415628175
28.62,1.63997105741991
28.63,1.63678795855807
28.64,1.63360485969623
28.65,1.6304217608344
28.66,1.62723866197256
28.67,1.62405556311072
28.68,1.62087246424888
28.69,1.61768936538704
28.7,1.61450626652521
28.71,1.61132316766337
28.72,1.60814006880153
28.73,1.60495696993969
28.74,1.60177387107786
28.75,1.59859077221602
28.76,1.59540767335418
28.77,1.59222457449234
28.78,1.5890414756305
28.79,1.58585837676867
28.8,1.58267527790683
28.81,1.57949217904499
28.82,1.57630908018315
28.83,1.57312598132132
28.84,1.56994288245948
28.85,1.56675978359764
28.86,1.5635766847358
28.87,1.56039358587396
28.88,1.55721048701213
28.89,1.55402738815029
28.9,1.55084428928845
28.91,1.54766119042661
28.92,1.54447809156477
28.93,1.54129499270294
28.94,1.5381118938411
28.95,1.53492879497926
28.96,1.53174569611742
28.97,1.52856259725558
28.98,1.52537949839375
28.99,1.52219639953191
29,1.51901330067007
29.01,1.51583020180823
29.02,1.51264710294639
29.03,1.50946400408456
29.04,1.50628090522272
29.05,1.50309780636088
29.06,1.49991470749904
29.07,1.4967316086372
29.08,1.49354850977537
29.09,1.49036541091353
29.1,1.48718231205169
29.11,1.48399921318985
29.12,1.48081611432801
29.13,1.47763301546618
29.14,1.47444991660434
29.15,1.4712668177425
29.16,1.46808371888066
29.17,1.46490062001883
29.18,1.46171752115699
29.19,1.45853442229515
29.2,1.45535132343331
29.21,1.45216822457147
29.22,1.44898512570964
29.23,1.4458020268478
29.24,1.44261892798596
29.25,1.43943582912412
29.26,1.43625273026229
29.27,1.43306963140045
29.28,1.42988653253861
29.29,1.42670343367677
29.3,1.42352033481493
29.31,1.4203372359531
29.32,1.41715413709126
29.33,1.41397103822942
29.34,1.41078793936758
29.35,1.40760484050574
29.36,1.40442174164391
29.37,1.40123864278207
29.38,1.39805554392023
29.39,1.39487244505839
29.4,1.39168934619655
29.41,1.38850624733472
29.42,1.38532314847288
29.43,1.38214004961104
29.44,1.3789569507492
29.45,1.37577385188736
29.46,1.37259075302553
29.47,1.36940765416369
29.48,1.36622455530185
29.49,1.36304145644001
29.5,1.35985835757817
29.51,1.35667525871634
29.52,1.3534921598545
29.53,1.35030906099266
29.54,1.34712596213082
29.55,1.34394286326898
29.56,1.34075976440715
29.57,1.33757666554531
29.58,1.33439356668347
29.59,1.33121046782163
29.6,1.3280273689598
29.61,1.32484427009796
29.62,1.32166117123612
29.63,1.31847807237428
29.64,1.31529497351244
29.65,1.31211187465061
29.66,1.30892877578877
29.67,1.30574567692693
29.68,1.30256257806509
29.69,1.29937947920325
29.7,1.29619638034142
29.71,1.29301328147958
29.72,1.28983018261774
29.73,1.2866470837559
29.74,1.28346398489407
29.75,1.28028088603223
29.76,1.27709778717039
29.77,1.27391468830855
29.78,1.27073158944671
29.79,1.26754849058488
29.8,1.26436539172304
29.81,1.2611822928612
29.82,1.25799919399936
29.83,1.25481609513752
29.84,1.25163299627569
29.85,1.24844989741385
29.86,1.24526679855201
29.87,1.24208369969017
29.88,1.23890060082833
29.89,1.2357175019665
29.9,1.23253440310466
29.91,1.22935130424282
29.92,1.22616820538098
29.93,1.22298510651914
29.94,1.21980200765731
29.95,1.21661890879547
29.96,1.21343580993363
29.97,1.21025271107179
29.98,1.20706961220996
29.99,1.20388651334812
30,1.20070341448628
30.01,1.19752031562444
30.02,1.1943372167626
30.03,1.19115411790077
30.04,1.18797101903893
30.05,1.18478792017709
30.06,1.18160482131525
30.07,1.17842172245341
30.08,1.17523862359158
30.09,1.17205552472974
30.1,1.1688724258679
30.11,1.16568932700606
30.12,1.16250622814422
30.13,1.15932312928239
30.14,1.15614003042055
30.15,1.15295693155871
30.16,1.14977383269687
30.17,1.14659073383503
30.18,1.1434076349732
30.19,1.14022453611136
30.2,1.13704143724952
30.21,1.13385833838768
30.22,1.13067523952585
30.23,1.12749214066401
30.24,1.12430904180217
30.25,1.12112594294033
30.26,1.11794284407849
30.27,1.11475974521666
30.28,1.11157664635482
30.29,1.10839354749298
30.3,1.10521044863114
30.31,1.1020273497693
30.32,1.09884425090747
30.33,1.09566115204563
30.34,1.09247805318379
30.35,1.08929495432195
30.36,1.08611185546012
30.37,1.08292875659828
30.38,1.07974565773644
30.39,1.0765625588746
30.4,1.07337946001276
30.41,1.07019636115093
30.42,1.06701326228909
30.43,1.06383016342725
30.44,1.06064706456541
30.45,1.05746396570357
30.46,1.05428086684174
30.47,1.0510977679799
30.48,1.04791466911806
30.49,1.04473157025622
30.5,1.04154847139438
30.51,1.03836537253255
30.52,1.03518227367071
30.53,1.03199917480887
30.54,1.02881607594703
30.55,1.02563297708519
30.56,1.02244987822336
30.57,1.01926677936152
30.58,1.01608368049968
30.59,1.01290058163784
30.6,1.009717482776
30.61,1.00653438391417
30.62,1.00335128505233
30.63,1.00016818619049
30.64,0.996985087328653
30.65,0.993801988466816
30.66,0.990618889604977
30.67,0.987435790743139
30.68,0.984252691881302
30.69,0.981069593019464
30.7,0.977886494157626
30.71,0.974703395295788
30.72,0.97152029643395
30.73,0.968337197572112
30.74,0.965154098710275
30.75,0.961970999848436
30.76,0.958787900986598
30.77,0.955604802124761
30.78,0.952421703262922
30.79,0.949238604401085
30.8,0.946055505539247
30.81,0.942872406677409
30.82,0.939689307815571
30.83,0.936506208953734
30.84,0.933323110091895
30.85,0.930140011230057
30.86,0.92695691236822
30.87,0.923773813506381
30.88,0.920590714644544
30.89,0.917407615782706
30.9,0.914224516920868
30.91,0.91104141805903
30.92,0.907858319197191
30.93,0.904675220335354
30.94,0.901492121473516
30.95,0.898309022611679
30.96,0.89512592374984
30.97,0.891942824888003
30.98,0.888759726026164
30.99,0.885576627164327
31,0.882393528302489
31.01,0.87921042944065
31.02,0.876027330578813
31.03,0.872844231716975
31.04,0.869661132855137
31.05,0.866478033993299
31.06,0.863294935131462
31.07,0.860111836269623
31.08,0.856928737407786
31.09,0.853745638545948
31.1,0.850562539684109
31.11,0.847379440822272
31.12,0.844196341960433
31.13,0.841013243098596
31.14,0.837830144236758
31.15,0.834647045374921
31.16,0.831463946513082
31.17,0.828280847651244
31.18,0.825097748789406
31.19,0.821914649927568
31.2,0.818731551065731
31.21,0.815548452203892
31.22,0.812365353342055
31.23,0.809182254480217
31.24,0.805999155618379
31.25,0.802816056756541
31.26,0.799632957894703
31.27,0.796449859032865
31.28,0.793266760171027
31.29,0.79008366130919
31.3,0.786900562447351
31.31,0.783717463585514
31.32,0.780534364723676
31.33,0.777351265861838
31.34,0.774168167
31.35,0.770985068138162
31.36,0.767801969276324
31.37,0.764618870414486
31.38,0.761435771552649
31.39,0.75825267269081
31.4,0.755069573828973
31.41,0.751886474967135
31.42,0.751296623894704
31.43,0.754479722756541
31.44,0.75766282161838
31.45,0.760845920480217
31.46,0.764029019342055
31.47,0.767212118203892
31.48,0.770395217065731
31.49,0.773578315927568
31.5,0.776761414789407
31.51,0.779944513651245
31.52,0.783127612513082
31.53,0.786310711374921
31.54,0.789493810236758
31.55,0.792676909098596
31.56,0.795860007960434
31.57,0.799043106822272
31.58,0.802226205684109
31.59,0.805409304545948
31.6,0.808592403407786
31.61,0.811775502269623
31.62,0.814958601131462
31.63,0.818141699993299
31.64,0.821324798855137
31.65,0.824507897716975
31.66,0.827690996578813
31.67,0.830874095440651
31.68,0.834057194302489
31.69,0.837240293164327
31.7,0.840423392026164
31.71,0.843606490888003
31.72,0.84678958974984
31.73,0.849972688611679
31.74,0.853155787473516
31.75,0.856338886335354
31.76,0.859521985197193
31.77,0.86270508405903
31.78,0.865888182920868
31.79,0.869071281782706
31.8,0.872254380644544
31.81,0.875437479506381
31.82,0.87862057836822
31.83,0.881803677230057
31.84,0.884986776091895
31.85,0.888169874953734
31.86,0.891352973815571
31.87,0.894536072677409
31.88,0.897719171539247
31.89,0.900902270401085
31.9,0.904085369262922
31.91,0.907268468124761
31.92,0.910451566986599
31.93,0.913634665848436
31.94,0.916817764710275
31.95,0.920000863572112
31.96,0.923183962433951
31.97,0.926367061295788
31.98,0.929550160157626
31.99,0.932733259019463
32,0.935916357881302
